[INFO] Scanning for projects...
[INFO] 
[INFO] -----------------------------< com:catchy >-----------------------------
[INFO] Building catchy 0.0.1-SNAPSHOT
[INFO]   from pom.xml
[INFO] --------------------------------[ jar ]---------------------------------
[INFO] 
[INFO] >>> spring-boot:3.5.7:run (default-cli) > test-compile @ catchy >>>
[INFO] 
[INFO] --- resources:3.3.1:resources (default-resources) @ catchy ---
[INFO] Copying 4 resources from src\main\resources to target\classes
[INFO] Copying 46 resources from src\main\resources to target\classes
[INFO] 
[INFO] --- compiler:3.14.1:compile (default-compile) @ catchy ---
[INFO] Nothing to compile - all classes are up to date.
[INFO] 
[INFO] --- resources:3.3.1:testResources (default-testResources) @ catchy ---
[INFO] skip non existing resourceDirectory C:\Users\HP\Downloads\catchy\catchy\src\test\resources
[INFO] 
[INFO] --- compiler:3.14.1:testCompile (default-testCompile) @ catchy ---
[INFO] Nothing to compile - all classes are up to date.
[INFO] 
[INFO] <<< spring-boot:3.5.7:run (default-cli) < test-compile @ catchy <<<
[INFO] 
[INFO] 
[INFO] --- spring-boot:3.5.7:run (default-cli) @ catchy ---
[INFO] Attaching agents: []

  .   ____          _            __ _ _
 /\\ / ___'_ __ _ _(_)_ __  __ _ \ \ \ \
( ( )\___ | '_ | '_| | '_ \/ _` | \ \ \ \
 \\/  ___)| |_)| | | | | || (_| |  ) ) ) )
  '  |____| .__|_| |_|_| |_\__, | / / / /
 =========|_|==============|___/=/_/_/_/

 :: Spring Boot ::                (v3.5.7)

2025-12-07T00:52:36.311+05:30  INFO 544 --- [catchy] [           main] com.catchy.CatchyApplication             : Starting CatchyApplication using Java 23.0.2 with PID 544 (C:\Users\HP\Downloads\catchy\catchy\target\classes started by HP in C:\Users\HP\Downloads\catchy\catchy)
2025-12-07T00:52:36.313+05:30 DEBUG 544 --- [catchy] [           main] com.catchy.CatchyApplication             : Running with Spring Boot v3.5.7, Spring v6.2.12
2025-12-07T00:52:36.314+05:30  INFO 544 --- [catchy] [           main] com.catchy.CatchyApplication             : No active profile set, falling back to 1 default profile: "default"
2025-12-07T00:52:37.408+05:30  INFO 544 --- [catchy] [           main] .s.d.r.c.RepositoryConfigurationDelegate : Bootstrapping Spring Data JPA repositories in DEFAULT mode.
2025-12-07T00:52:37.547+05:30  INFO 544 --- [catchy] [           main] .s.d.r.c.RepositoryConfigurationDelegate : Finished Spring Data repository scanning in 131 ms. Found 20 JPA repository interfaces.
2025-12-07T00:52:38.274+05:30  INFO 544 --- [catchy] [           main] o.s.b.w.embedded.tomcat.TomcatWebServer  : Tomcat initialized with port 8080 (http)
2025-12-07T00:52:38.290+05:30  INFO 544 --- [catchy] [           main] o.apache.catalina.core.StandardService   : Starting service [Tomcat]
2025-12-07T00:52:38.290+05:30  INFO 544 --- [catchy] [           main] o.apache.catalina.core.StandardEngine    : Starting Servlet engine: [Apache Tomcat/10.1.48]
2025-12-07T00:52:38.384+05:30  INFO 544 --- [catchy] [           main] o.a.c.c.C.[Tomcat].[localhost].[/]       : Initializing Spring embedded WebApplicationContext
2025-12-07T00:52:38.384+05:30  INFO 544 --- [catchy] [           main] w.s.c.ServletWebServerApplicationContext : Root WebApplicationContext: initialization completed in 1994 ms
2025-12-07T00:52:38.453+05:30  INFO 544 --- [catchy] [           main] com.zaxxer.hikari.HikariDataSource       : HikariPool-1 - Starting...
2025-12-07T00:52:38.668+05:30  INFO 544 --- [catchy] [           main] com.zaxxer.hikari.pool.HikariPool        : HikariPool-1 - Added connection com.mysql.cj.jdbc.ConnectionImpl@38159384
2025-12-07T00:52:38.670+05:30  INFO 544 --- [catchy] [           main] com.zaxxer.hikari.HikariDataSource       : HikariPool-1 - Start completed.
2025-12-07T00:52:38.783+05:30  INFO 544 --- [catchy] [           main] o.hibernate.jpa.internal.util.LogHelper  : HHH000204: Processing PersistenceUnitInfo [name: default]
2025-12-07T00:52:38.835+05:30  INFO 544 --- [catchy] [           main] org.hibernate.Version                    : HHH000412: Hibernate ORM core version 6.6.33.Final
2025-12-07T00:52:38.870+05:30  INFO 544 --- [catchy] [           main] o.h.c.internal.RegionFactoryInitiator    : HHH000026: Second-level cache disabled
2025-12-07T00:52:39.152+05:30  INFO 544 --- [catchy] [           main] o.s.o.j.p.SpringPersistenceUnitInfo      : No LoadTimeWeaver setup: ignoring JPA class transformer
2025-12-07T00:52:39.257+05:30  WARN 544 --- [catchy] [           main] org.hibernate.orm.deprecation            : HHH90000025: MySQLDialect does not need to be specified explicitly using 'hibernate.dialect' (remove the property setting and it will be selected by default)
2025-12-07T00:52:39.274+05:30  INFO 544 --- [catchy] [           main] org.hibernate.orm.connections.pooling    : HHH10001005: Database info:
	Database JDBC URL [Connecting through datasource 'HikariDataSource (HikariPool-1)']
	Database driver: undefined/unknown
	Database version: 8.0.39
	Autocommit mode: undefined/unknown
	Isolation level: undefined/unknown
	Minimum pool size: undefined/unknown
	Maximum pool size: undefined/unknown
2025-12-07T00:52:40.532+05:30  INFO 544 --- [catchy] [           main] o.h.e.t.j.p.i.JtaPlatformInitiator       : HHH000489: No JTA platform available (set 'hibernate.transaction.jta.platform' to enable JTA platform integration)
2025-12-07T00:52:40.642+05:30 DEBUG 544 --- [catchy] [           main] org.hibernate.SQL                        : 
    alter table users 
       modify column role enum ('ADMIN','USER','VENDOR') not null
Hibernate: 
    alter table users 
       modify column role enum ('ADMIN','USER','VENDOR') not null
2025-12-07T00:52:40.842+05:30  INFO 544 --- [catchy] [           main] j.LocalContainerEntityManagerFactoryBean : Initialized JPA EntityManagerFactory for persistence unit 'default'
2025-12-07T00:52:41.222+05:30 DEBUG 544 --- [catchy] [           main] c.c.security.JwtAuthenticationFilter     : Filter 'jwtAuthenticationFilter' configured for use
2025-12-07T00:52:41.289+05:30  INFO 544 --- [catchy] [           main] o.s.d.j.r.query.QueryEnhancerFactory     : Hibernate is in classpath; If applicable, HQL parser will be used.
2025-12-07T00:52:42.090+05:30  INFO 544 --- [catchy] [           main] eAuthenticationProviderManagerConfigurer : Global AuthenticationManager configured with AuthenticationProvider bean with name authenticationProvider
2025-12-07T00:52:42.091+05:30  WARN 544 --- [catchy] [           main] r$InitializeUserDetailsManagerConfigurer : Global AuthenticationManager configured with an AuthenticationProvider bean. UserDetailsService beans will not be used by Spring Security for automatically configuring username/password login. Consider removing the AuthenticationProvider bean. Alternatively, consider using the UserDetailsService in a manually instantiated DaoAuthenticationProvider. If the current configuration is intentional, to turn off this warning, increase the logging level of 'org.springframework.security.config.annotation.authentication.configuration.InitializeUserDetailsBeanManagerConfigurer' to ERROR
2025-12-07T00:52:43.084+05:30  WARN 544 --- [catchy] [           main] JpaBaseConfiguration$JpaWebConfiguration : spring.jpa.open-in-view is enabled by default. Therefore, database queries may be performed during view rendering. Explicitly configure spring.jpa.open-in-view to disable this warning
2025-12-07T00:52:43.123+05:30  INFO 544 --- [catchy] [           main] o.s.b.a.w.s.WelcomePageHandlerMapping    : Adding welcome page template: index
2025-12-07T00:52:44.012+05:30  INFO 544 --- [catchy] [           main] o.s.b.w.embedded.tomcat.TomcatWebServer  : Tomcat started on port 8080 (http) with context path '/'
2025-12-07T00:52:44.029+05:30  INFO 544 --- [catchy] [           main] com.catchy.CatchyApplication             : Started CatchyApplication in 8.172 seconds (process running for 8.535)
2025-12-07T00:52:44.532+05:30 DEBUG 544 --- [catchy] [           main] org.hibernate.SQL                        : 
    select
        u1_0.id,
        u1_0.email,
        u1_0.enabled,
        u1_0.name,
        u1_0.password,
        u1_0.role 
    from
        users u1_0 
    where
        u1_0.email=?
Hibernate: 
    select
        u1_0.id,
        u1_0.email,
        u1_0.enabled,
        u1_0.name,
        u1_0.password,
        u1_0.role 
    from
        users u1_0 
    where
        u1_0.email=?
2025-12-07T00:52:44.788+05:30  INFO 544 --- [catchy] [nio-8080-exec-1] o.a.c.c.C.[Tomcat].[localhost].[/]       : Initializing Spring DispatcherServlet 'dispatcherServlet'
2025-12-07T00:52:44.789+05:30  INFO 544 --- [catchy] [nio-8080-exec-1] o.s.web.servlet.DispatcherServlet        : Initializing Servlet 'dispatcherServlet'
2025-12-07T00:52:44.790+05:30  INFO 544 --- [catchy] [nio-8080-exec-1] o.s.web.servlet.DispatcherServlet        : Completed initialization in 1 ms
2025-12-07T00:52:44.791+05:30 DEBUG 544 --- [catchy] [           main] org.hibernate.SQL                        : 
    select
        u1_0.id,
        u1_0.email,
        u1_0.enabled,
        u1_0.name,
        u1_0.password,
        u1_0.role 
    from
        users u1_0 
    where
        u1_0.email=?
Hibernate: 
    select
        u1_0.id,
        u1_0.email,
        u1_0.enabled,
        u1_0.name,
        u1_0.password,
        u1_0.role 
    from
        users u1_0 
    where
        u1_0.email=?
2025-12-07T00:52:44.826+05:30 DEBUG 544 --- [catchy] [           main] org.hibernate.SQL                        : 
    select
        u1_0.id,
        u1_0.email,
        u1_0.enabled,
        u1_0.name,
        u1_0.password,
        u1_0.role 
    from
        users u1_0 
    where
        u1_0.email=?
Hibernate: 
    select
        u1_0.id,
        u1_0.email,
        u1_0.enabled,
        u1_0.name,
        u1_0.password,
        u1_0.role 
    from
        users u1_0 
    where
        u1_0.email=?
2025-12-07T00:52:44.853+05:30 DEBUG 544 --- [catchy] [           main] org.hibernate.SQL                        : 
    select
        count(*) 
    from
        products p1_0
Hibernate: 
    select
        count(*) 
    from
        products p1_0
2025-12-07T00:52:47.610+05:30  INFO 544 --- [catchy] [           main] com.catchy.config.MailStartupChecker     : MailStartupChecker: JavaMailSender configured and test connection succeeded.
2025-12-07T00:53:26.165+05:30 DEBUG 544 --- [catchy] [nio-8080-exec-7] org.hibernate.SQL                        : 
    select
        u1_0.id,
        u1_0.email,
        u1_0.enabled,
        u1_0.name,
        u1_0.password,
        u1_0.role 
    from
        users u1_0 
    where
        u1_0.email=?
Hibernate: 
    select
        u1_0.id,
        u1_0.email,
        u1_0.enabled,
        u1_0.name,
        u1_0.password,
        u1_0.role 
    from
        users u1_0 
    where
        u1_0.email=?
2025-12-07T00:53:26.234+05:30 DEBUG 544 --- [catchy] [nio-8080-exec-2] org.hibernate.SQL                        : 
    select
        u1_0.id,
        u1_0.email,
        u1_0.enabled,
        u1_0.name,
        u1_0.password,
        u1_0.role 
    from
        users u1_0 
    where
        u1_0.email=?
2025-12-07T00:53:26.234+05:30 DEBUG 544 --- [catchy] [nio-8080-exec-9] org.hibernate.SQL                        : 
    select
        u1_0.id,
        u1_0.email,
        u1_0.enabled,
        u1_0.name,
        u1_0.password,
        u1_0.role 
    from
        users u1_0 
    where
        u1_0.email=?
Hibernate: 
    select
        u1_0.id,
        u1_0.email,
        u1_0.enabled,
        u1_0.name,
        u1_0.password,
        u1_0.role 
    from
        users u1_0 
    where
        u1_0.email=?
Hibernate: 
    select
        u1_0.id,
        u1_0.email,
        u1_0.enabled,
        u1_0.name,
        u1_0.password,
        u1_0.role 
    from
        users u1_0 
    where
        u1_0.email=?
2025-12-07T00:53:26.301+05:30 DEBUG 544 --- [catchy] [nio-8080-exec-6] org.hibernate.SQL                        : 
    select
        u1_0.id,
        u1_0.email,
        u1_0.enabled,
        u1_0.name,
        u1_0.password,
        u1_0.role 
    from
        users u1_0 
    where
        u1_0.email=?
Hibernate: 
    select
        u1_0.id,
        u1_0.email,
        u1_0.enabled,
        u1_0.name,
        u1_0.password,
        u1_0.role 
    from
        users u1_0 
    where
        u1_0.email=?
2025-12-07T00:53:26.301+05:30 DEBUG 544 --- [catchy] [nio-8080-exec-8] org.hibernate.SQL                        : 
    select
        u1_0.id,
        u1_0.email,
        u1_0.enabled,
        u1_0.name,
        u1_0.password,
        u1_0.role 
    from
        users u1_0 
    where
        u1_0.email=?
Hibernate: 
    select
        u1_0.id,
        u1_0.email,
        u1_0.enabled,
        u1_0.name,
        u1_0.password,
        u1_0.role 
    from
        users u1_0 
    where
        u1_0.email=?
2025-12-07T00:53:26.314+05:30 DEBUG 544 --- [catchy] [nio-8080-exec-8] org.hibernate.SQL                        : 
    select
        u1_0.id,
        u1_0.email,
        u1_0.enabled,
        u1_0.name,
        u1_0.password,
        u1_0.role 
    from
        users u1_0 
    where
        u1_0.email=?
Hibernate: 
    select
        u1_0.id,
        u1_0.email,
        u1_0.enabled,
        u1_0.name,
        u1_0.password,
        u1_0.role 
    from
        users u1_0 
    where
        u1_0.email=?
2025-12-07T00:53:26.314+05:30 DEBUG 544 --- [catchy] [nio-8080-exec-6] org.hibernate.SQL                        : 
    select
        u1_0.id,
        u1_0.email,
        u1_0.enabled,
        u1_0.name,
        u1_0.password,
        u1_0.role 
    from
        users u1_0 
    where
        u1_0.email=?
Hibernate: 
    select
        u1_0.id,
        u1_0.email,
        u1_0.enabled,
        u1_0.name,
        u1_0.password,
        u1_0.role 
    from
        users u1_0 
    where
        u1_0.email=?
2025-12-07T00:53:26.328+05:30 DEBUG 544 --- [catchy] [nio-8080-exec-8] org.hibernate.SQL                        : 
    select
        wi1_0.id,
        wi1_0.added_at,
        wi1_0.product_id,
        wi1_0.user_id 
    from
        wishlist_items wi1_0 
    where
        wi1_0.user_id=?
2025-12-07T00:53:26.328+05:30 DEBUG 544 --- [catchy] [nio-8080-exec-6] org.hibernate.SQL                        : 
    select
        ci1_0.id,
        ci1_0.product_id,
        ci1_0.quantity,
        ci1_0.user_id 
    from
        cart_items ci1_0 
    where
        ci1_0.user_id=?
Hibernate: 
    select
        ci1_0.id,
        ci1_0.product_id,
        ci1_0.quantity,
        ci1_0.user_id 
    from
        cart_items ci1_0 
    where
        ci1_0.user_id=?
Hibernate: 
    select
        wi1_0.id,
        wi1_0.added_at,
        wi1_0.product_id,
        wi1_0.user_id 
    from
        wishlist_items wi1_0 
    where
        wi1_0.user_id=?
2025-12-07T00:53:26.462+05:30 DEBUG 544 --- [catchy] [nio-8080-exec-3] org.hibernate.SQL                        : 
    select
        u1_0.id,
        u1_0.email,
        u1_0.enabled,
        u1_0.name,
        u1_0.password,
        u1_0.role 
    from
        users u1_0 
    where
        u1_0.email=?
Hibernate: 
    select
        u1_0.id,
        u1_0.email,
        u1_0.enabled,
        u1_0.name,
        u1_0.password,
        u1_0.role 
    from
        users u1_0 
    where
        u1_0.email=?
2025-12-07T00:53:26.479+05:30 DEBUG 544 --- [catchy] [nio-8080-exec-3] org.hibernate.SQL                        : 
    select
        u1_0.id,
        u1_0.email,
        u1_0.enabled,
        u1_0.name,
        u1_0.password,
        u1_0.role 
    from
        users u1_0 
    where
        u1_0.email=?
Hibernate: 
    select
        u1_0.id,
        u1_0.email,
        u1_0.enabled,
        u1_0.name,
        u1_0.password,
        u1_0.role 
    from
        users u1_0 
    where
        u1_0.email=?
2025-12-07T00:53:26.489+05:30 DEBUG 544 --- [catchy] [nio-8080-exec-3] org.hibernate.SQL                        : 
    select
        wi1_0.id,
        wi1_0.added_at,
        wi1_0.product_id,
        wi1_0.user_id 
    from
        wishlist_items wi1_0 
    where
        wi1_0.user_id=?
Hibernate: 
    select
        wi1_0.id,
        wi1_0.added_at,
        wi1_0.product_id,
        wi1_0.user_id 
    from
        wishlist_items wi1_0 
    where
        wi1_0.user_id=?
2025-12-07T00:53:28.355+05:30 DEBUG 544 --- [catchy] [io-8080-exec-10] org.hibernate.SQL                        : 
    select
        u1_0.id,
        u1_0.email,
        u1_0.enabled,
        u1_0.name,
        u1_0.password,
        u1_0.role 
    from
        users u1_0 
    where
        u1_0.email=?
Hibernate: 
    select
        u1_0.id,
        u1_0.email,
        u1_0.enabled,
        u1_0.name,
        u1_0.password,
        u1_0.role 
    from
        users u1_0 
    where
        u1_0.email=?
2025-12-07T00:53:32.791+05:30 DEBUG 544 --- [catchy] [nio-8080-exec-4] org.hibernate.SQL                        : 
    select
        u1_0.id,
        u1_0.email,
        u1_0.enabled,
        u1_0.name,
        u1_0.password,
        u1_0.role 
    from
        users u1_0 
    where
        u1_0.email=?
Hibernate: 
    select
        u1_0.id,
        u1_0.email,
        u1_0.enabled,
        u1_0.name,
        u1_0.password,
        u1_0.role 
    from
        users u1_0 
    where
        u1_0.email=?
2025-12-07T00:53:32.889+05:30 DEBUG 544 --- [catchy] [nio-8080-exec-1] org.hibernate.SQL                        : 
    select
        u1_0.id,
        u1_0.email,
        u1_0.enabled,
        u1_0.name,
        u1_0.password,
        u1_0.role 
    from
        users u1_0 
    where
        u1_0.email=?
Hibernate: 
    select
        u1_0.id,
        u1_0.email,
        u1_0.enabled,
        u1_0.name,
        u1_0.password,
        u1_0.role 
    from
        users u1_0 
    where
        u1_0.email=?
2025-12-07T00:53:33.063+05:30 DEBUG 544 --- [catchy] [nio-8080-exec-5] org.hibernate.SQL                        : 
    select
        u1_0.id,
        u1_0.email,
        u1_0.enabled,
        u1_0.name,
        u1_0.password,
        u1_0.role 
    from
        users u1_0 
    where
        u1_0.email=?
Hibernate: 
    select
        u1_0.id,
        u1_0.email,
        u1_0.enabled,
        u1_0.name,
        u1_0.password,
        u1_0.role 
    from
        users u1_0 
    where
        u1_0.email=?
2025-12-07T00:53:37.138+05:30 DEBUG 544 --- [catchy] [nio-8080-exec-7] org.hibernate.SQL                        : 
    select
        u1_0.id,
        u1_0.email,
        u1_0.enabled,
        u1_0.name,
        u1_0.password,
        u1_0.role 
    from
        users u1_0 
    where
        u1_0.email=?
Hibernate: 
    select
        u1_0.id,
        u1_0.email,
        u1_0.enabled,
        u1_0.name,
        u1_0.password,
        u1_0.role 
    from
        users u1_0 
    where
        u1_0.email=?
2025-12-07T00:53:37.262+05:30 DEBUG 544 --- [catchy] [nio-8080-exec-2] org.hibernate.SQL                        : 
    select
        u1_0.id,
        u1_0.email,
        u1_0.enabled,
        u1_0.name,
        u1_0.password,
        u1_0.role 
    from
        users u1_0 
    where
        u1_0.email=?
Hibernate: 
    select
        u1_0.id,
        u1_0.email,
        u1_0.enabled,
        u1_0.name,
        u1_0.password,
        u1_0.role 
    from
        users u1_0 
    where
        u1_0.email=?
2025-12-07T00:53:37.264+05:30 DEBUG 544 --- [catchy] [nio-8080-exec-9] org.hibernate.SQL                        : 
    select
        u1_0.id,
        u1_0.email,
        u1_0.enabled,
        u1_0.name,
        u1_0.password,
        u1_0.role 
    from
        users u1_0 
    where
        u1_0.email=?
Hibernate: 
    select
        u1_0.id,
        u1_0.email,
        u1_0.enabled,
        u1_0.name,
        u1_0.password,
        u1_0.role 
    from
        users u1_0 
    where
        u1_0.email=?
2025-12-07T00:53:37.283+05:30 DEBUG 544 --- [catchy] [nio-8080-exec-6] org.hibernate.SQL                        : 
    select
        u1_0.id,
        u1_0.email,
        u1_0.enabled,
        u1_0.name,
        u1_0.password,
        u1_0.role 
    from
        users u1_0 
    where
        u1_0.email=?
Hibernate: 
    select
        u1_0.id,
        u1_0.email,
        u1_0.enabled,
        u1_0.name,
        u1_0.password,
        u1_0.role 
    from
        users u1_0 
    where
        u1_0.email=?
2025-12-07T00:53:37.283+05:30 DEBUG 544 --- [catchy] [nio-8080-exec-8] org.hibernate.SQL                        : 
    select
        u1_0.id,
        u1_0.email,
        u1_0.enabled,
        u1_0.name,
        u1_0.password,
        u1_0.role 
    from
        users u1_0 
    where
        u1_0.email=?
Hibernate: 
    select
        u1_0.id,
        u1_0.email,
        u1_0.enabled,
        u1_0.name,
        u1_0.password,
        u1_0.role 
    from
        users u1_0 
    where
        u1_0.email=?
2025-12-07T00:53:37.289+05:30 DEBUG 544 --- [catchy] [nio-8080-exec-8] org.hibernate.SQL                        : 
    select
        u1_0.id,
        u1_0.email,
        u1_0.enabled,
        u1_0.name,
        u1_0.password,
        u1_0.role 
    from
        users u1_0 
    where
        u1_0.email=?
Hibernate: 
    select
        u1_0.id,
        u1_0.email,
        u1_0.enabled,
        u1_0.name,
        u1_0.password,
        u1_0.role 
    from
        users u1_0 
    where
        u1_0.email=?
2025-12-07T00:53:37.289+05:30 DEBUG 544 --- [catchy] [nio-8080-exec-6] org.hibernate.SQL                        : 
    select
        u1_0.id,
        u1_0.email,
        u1_0.enabled,
        u1_0.name,
        u1_0.password,
        u1_0.role 
    from
        users u1_0 
    where
        u1_0.email=?
Hibernate: 
    select
        u1_0.id,
        u1_0.email,
        u1_0.enabled,
        u1_0.name,
        u1_0.password,
        u1_0.role 
    from
        users u1_0 
    where
        u1_0.email=?
2025-12-07T00:53:37.292+05:30 DEBUG 544 --- [catchy] [nio-8080-exec-8] org.hibernate.SQL                        : 
    select
        wi1_0.id,
        wi1_0.added_at,
        wi1_0.product_id,
        wi1_0.user_id 
    from
        wishlist_items wi1_0 
    where
        wi1_0.user_id=?
Hibernate: 
    select
        wi1_0.id,
        wi1_0.added_at,
        wi1_0.product_id,
        wi1_0.user_id 
    from
        wishlist_items wi1_0 
    where
        wi1_0.user_id=?
2025-12-07T00:53:37.292+05:30 DEBUG 544 --- [catchy] [nio-8080-exec-6] org.hibernate.SQL                        : 
    select
        ci1_0.id,
        ci1_0.product_id,
        ci1_0.quantity,
        ci1_0.user_id 
    from
        cart_items ci1_0 
    where
        ci1_0.user_id=?
Hibernate: 
    select
        ci1_0.id,
        ci1_0.product_id,
        ci1_0.quantity,
        ci1_0.user_id 
    from
        cart_items ci1_0 
    where
        ci1_0.user_id=?
2025-12-07T00:53:37.302+05:30 DEBUG 544 --- [catchy] [nio-8080-exec-3] org.hibernate.SQL                        : 
    select
        u1_0.id,
        u1_0.email,
        u1_0.enabled,
        u1_0.name,
        u1_0.password,
        u1_0.role 
    from
        users u1_0 
    where
        u1_0.email=?
Hibernate: 
    select
        u1_0.id,
        u1_0.email,
        u1_0.enabled,
        u1_0.name,
        u1_0.password,
        u1_0.role 
    from
        users u1_0 
    where
        u1_0.email=?
2025-12-07T00:53:37.316+05:30 DEBUG 544 --- [catchy] [nio-8080-exec-3] org.hibernate.SQL                        : 
    select
        u1_0.id,
        u1_0.email,
        u1_0.enabled,
        u1_0.name,
        u1_0.password,
        u1_0.role 
    from
        users u1_0 
    where
        u1_0.email=?
Hibernate: 
    select
        u1_0.id,
        u1_0.email,
        u1_0.enabled,
        u1_0.name,
        u1_0.password,
        u1_0.role 
    from
        users u1_0 
    where
        u1_0.email=?
2025-12-07T00:53:37.323+05:30 DEBUG 544 --- [catchy] [nio-8080-exec-3] org.hibernate.SQL                        : 
    select
        wi1_0.id,
        wi1_0.added_at,
        wi1_0.product_id,
        wi1_0.user_id 
    from
        wishlist_items wi1_0 
    where
        wi1_0.user_id=?
Hibernate: 
    select
        wi1_0.id,
        wi1_0.added_at,
        wi1_0.product_id,
        wi1_0.user_id 
    from
        wishlist_items wi1_0 
    where
        wi1_0.user_id=?
2025-12-07T00:53:37.432+05:30 DEBUG 544 --- [catchy] [io-8080-exec-10] org.hibernate.SQL                        : 
    select
        u1_0.id,
        u1_0.email,
        u1_0.enabled,
        u1_0.name,
        u1_0.password,
        u1_0.role 
    from
        users u1_0 
    where
        u1_0.email=?
Hibernate: 
    select
        u1_0.id,
        u1_0.email,
        u1_0.enabled,
        u1_0.name,
        u1_0.password,
        u1_0.role 
    from
        users u1_0 
    where
        u1_0.email=?
2025-12-07T00:53:41.621+05:30 DEBUG 544 --- [catchy] [nio-8080-exec-4] org.hibernate.SQL                        : 
    select
        u1_0.id,
        u1_0.email,
        u1_0.enabled,
        u1_0.name,
        u1_0.password,
        u1_0.role 
    from
        users u1_0 
    where
        u1_0.email=?
Hibernate: 
    select
        u1_0.id,
        u1_0.email,
        u1_0.enabled,
        u1_0.name,
        u1_0.password,
        u1_0.role 
    from
        users u1_0 
    where
        u1_0.email=?
2025-12-07T00:53:41.682+05:30 DEBUG 544 --- [catchy] [nio-8080-exec-1] org.hibernate.SQL                        : 
    select
        u1_0.id,
        u1_0.email,
        u1_0.enabled,
        u1_0.name,
        u1_0.password,
        u1_0.role 
    from
        users u1_0 
    where
        u1_0.email=?
Hibernate: 
    select
        u1_0.id,
        u1_0.email,
        u1_0.enabled,
        u1_0.name,
        u1_0.password,
        u1_0.role 
    from
        users u1_0 
    where
        u1_0.email=?
2025-12-07T00:53:41.866+05:30 DEBUG 544 --- [catchy] [nio-8080-exec-5] org.hibernate.SQL                        : 
    select
        u1_0.id,
        u1_0.email,
        u1_0.enabled,
        u1_0.name,
        u1_0.password,
        u1_0.role 
    from
        users u1_0 
    where
        u1_0.email=?
Hibernate: 
    select
        u1_0.id,
        u1_0.email,
        u1_0.enabled,
        u1_0.name,
        u1_0.password,
        u1_0.role 
    from
        users u1_0 
    where
        u1_0.email=?
2025-12-07T00:53:46.372+05:30 DEBUG 544 --- [catchy] [nio-8080-exec-7] org.hibernate.SQL                        : 
    select
        u1_0.id,
        u1_0.email,
        u1_0.enabled,
        u1_0.name,
        u1_0.password,
        u1_0.role 
    from
        users u1_0 
    where
        u1_0.email=?
Hibernate: 
    select
        u1_0.id,
        u1_0.email,
        u1_0.enabled,
        u1_0.name,
        u1_0.password,
        u1_0.role 
    from
        users u1_0 
    where
        u1_0.email=?
2025-12-07T00:53:46.456+05:30 DEBUG 544 --- [catchy] [nio-8080-exec-2] org.hibernate.SQL                        : 
    select
        u1_0.id,
        u1_0.email,
        u1_0.enabled,
        u1_0.name,
        u1_0.password,
        u1_0.role 
    from
        users u1_0 
    where
        u1_0.email=?
Hibernate: 
    select
        u1_0.id,
        u1_0.email,
        u1_0.enabled,
        u1_0.name,
        u1_0.password,
        u1_0.role 
    from
        users u1_0 
    where
        u1_0.email=?
2025-12-07T00:53:46.456+05:30 DEBUG 544 --- [catchy] [nio-8080-exec-9] org.hibernate.SQL                        : 
    select
        u1_0.id,
        u1_0.email,
        u1_0.enabled,
        u1_0.name,
        u1_0.password,
        u1_0.role 
    from
        users u1_0 
    where
        u1_0.email=?
Hibernate: 
    select
        u1_0.id,
        u1_0.email,
        u1_0.enabled,
        u1_0.name,
        u1_0.password,
        u1_0.role 
    from
        users u1_0 
    where
        u1_0.email=?
2025-12-07T00:53:46.474+05:30 DEBUG 544 --- [catchy] [nio-8080-exec-8] org.hibernate.SQL                        : 
    select
        u1_0.id,
        u1_0.email,
        u1_0.enabled,
        u1_0.name,
        u1_0.password,
        u1_0.role 
    from
        users u1_0 
    where
        u1_0.email=?
Hibernate: 
    select
        u1_0.id,
        u1_0.email,
        u1_0.enabled,
        u1_0.name,
        u1_0.password,
        u1_0.role 
    from
        users u1_0 
    where
        u1_0.email=?
2025-12-07T00:53:46.474+05:30 DEBUG 544 --- [catchy] [nio-8080-exec-6] org.hibernate.SQL                        : 
    select
        u1_0.id,
        u1_0.email,
        u1_0.enabled,
        u1_0.name,
        u1_0.password,
        u1_0.role 
    from
        users u1_0 
    where
        u1_0.email=?
Hibernate: 
    select
        u1_0.id,
        u1_0.email,
        u1_0.enabled,
        u1_0.name,
        u1_0.password,
        u1_0.role 
    from
        users u1_0 
    where
        u1_0.email=?
2025-12-07T00:53:46.480+05:30 DEBUG 544 --- [catchy] [nio-8080-exec-6] org.hibernate.SQL                        : 
    select
        u1_0.id,
        u1_0.email,
        u1_0.enabled,
        u1_0.name,
        u1_0.password,
        u1_0.role 
    from
        users u1_0 
    where
        u1_0.email=?
Hibernate: 
    select
        u1_0.id,
        u1_0.email,
        u1_0.enabled,
        u1_0.name,
        u1_0.password,
        u1_0.role 
    from
        users u1_0 
    where
        u1_0.email=?
2025-12-07T00:53:46.480+05:30 DEBUG 544 --- [catchy] [nio-8080-exec-8] org.hibernate.SQL                        : 
    select
        u1_0.id,
        u1_0.email,
        u1_0.enabled,
        u1_0.name,
        u1_0.password,
        u1_0.role 
    from
        users u1_0 
    where
        u1_0.email=?
Hibernate: 
    select
        u1_0.id,
        u1_0.email,
        u1_0.enabled,
        u1_0.name,
        u1_0.password,
        u1_0.role 
    from
        users u1_0 
    where
        u1_0.email=?
2025-12-07T00:53:46.483+05:30 DEBUG 544 --- [catchy] [nio-8080-exec-6] org.hibernate.SQL                        : 
    select
        ci1_0.id,
        ci1_0.product_id,
        ci1_0.quantity,
        ci1_0.user_id 
    from
        cart_items ci1_0 
    where
        ci1_0.user_id=?
Hibernate: 
    select
        ci1_0.id,
        ci1_0.product_id,
        ci1_0.quantity,
        ci1_0.user_id 
    from
        cart_items ci1_0 
    where
        ci1_0.user_id=?
2025-12-07T00:53:46.483+05:30 DEBUG 544 --- [catchy] [nio-8080-exec-8] org.hibernate.SQL                        : 
    select
        wi1_0.id,
        wi1_0.added_at,
        wi1_0.product_id,
        wi1_0.user_id 
    from
        wishlist_items wi1_0 
    where
        wi1_0.user_id=?
Hibernate: 
    select
        wi1_0.id,
        wi1_0.added_at,
        wi1_0.product_id,
        wi1_0.user_id 
    from
        wishlist_items wi1_0 
    where
        wi1_0.user_id=?
2025-12-07T00:53:46.491+05:30 DEBUG 544 --- [catchy] [nio-8080-exec-3] org.hibernate.SQL                        : 
    select
        u1_0.id,
        u1_0.email,
        u1_0.enabled,
        u1_0.name,
        u1_0.password,
        u1_0.role 
    from
        users u1_0 
    where
        u1_0.email=?
Hibernate: 
    select
        u1_0.id,
        u1_0.email,
        u1_0.enabled,
        u1_0.name,
        u1_0.password,
        u1_0.role 
    from
        users u1_0 
    where
        u1_0.email=?
2025-12-07T00:53:46.498+05:30 DEBUG 544 --- [catchy] [nio-8080-exec-3] org.hibernate.SQL                        : 
    select
        u1_0.id,
        u1_0.email,
        u1_0.enabled,
        u1_0.name,
        u1_0.password,
        u1_0.role 
    from
        users u1_0 
    where
        u1_0.email=?
Hibernate: 
    select
        u1_0.id,
        u1_0.email,
        u1_0.enabled,
        u1_0.name,
        u1_0.password,
        u1_0.role 
    from
        users u1_0 
    where
        u1_0.email=?
2025-12-07T00:53:46.505+05:30 DEBUG 544 --- [catchy] [nio-8080-exec-3] org.hibernate.SQL                        : 
    select
        wi1_0.id,
        wi1_0.added_at,
        wi1_0.product_id,
        wi1_0.user_id 
    from
        wishlist_items wi1_0 
    where
        wi1_0.user_id=?
Hibernate: 
    select
        wi1_0.id,
        wi1_0.added_at,
        wi1_0.product_id,
        wi1_0.user_id 
    from
        wishlist_items wi1_0 
    where
        wi1_0.user_id=?
2025-12-07T00:53:46.665+05:30 DEBUG 544 --- [catchy] [io-8080-exec-10] org.hibernate.SQL                        : 
    select
        u1_0.id,
        u1_0.email,
        u1_0.enabled,
        u1_0.name,
        u1_0.password,
        u1_0.role 
    from
        users u1_0 
    where
        u1_0.email=?
Hibernate: 
    select
        u1_0.id,
        u1_0.email,
        u1_0.enabled,
        u1_0.name,
        u1_0.password,
        u1_0.role 
    from
        users u1_0 
    where
        u1_0.email=?
2025-12-07T00:53:47.992+05:30 DEBUG 544 --- [catchy] [nio-8080-exec-4] org.hibernate.SQL                        : 
    select
        u1_0.id,
        u1_0.email,
        u1_0.enabled,
        u1_0.name,
        u1_0.password,
        u1_0.role 
    from
        users u1_0 
    where
        u1_0.email=?
Hibernate: 
    select
        u1_0.id,
        u1_0.email,
        u1_0.enabled,
        u1_0.name,
        u1_0.password,
        u1_0.role 
    from
        users u1_0 
    where
        u1_0.email=?
2025-12-07T00:53:48.060+05:30 DEBUG 544 --- [catchy] [nio-8080-exec-1] org.hibernate.SQL                        : 
    select
        u1_0.id,
        u1_0.email,
        u1_0.enabled,
        u1_0.name,
        u1_0.password,
        u1_0.role 
    from
        users u1_0 
    where
        u1_0.email=?
Hibernate: 
    select
        u1_0.id,
        u1_0.email,
        u1_0.enabled,
        u1_0.name,
        u1_0.password,
        u1_0.role 
    from
        users u1_0 
    where
        u1_0.email=?
2025-12-07T00:53:48.063+05:30 DEBUG 544 --- [catchy] [nio-8080-exec-5] org.hibernate.SQL                        : 
    select
        u1_0.id,
        u1_0.email,
        u1_0.enabled,
        u1_0.name,
        u1_0.password,
        u1_0.role 
    from
        users u1_0 
    where
        u1_0.email=?
Hibernate: 
    select
        u1_0.id,
        u1_0.email,
        u1_0.enabled,
        u1_0.name,
        u1_0.password,
        u1_0.role 
    from
        users u1_0 
    where
        u1_0.email=?
2025-12-07T00:53:48.081+05:30 DEBUG 544 --- [catchy] [nio-8080-exec-2] org.hibernate.SQL                        : 
    select
        u1_0.id,
        u1_0.email,
        u1_0.enabled,
        u1_0.name,
        u1_0.password,
        u1_0.role 
    from
        users u1_0 
    where
        u1_0.email=?
2025-12-07T00:53:48.081+05:30 DEBUG 544 --- [catchy] [nio-8080-exec-7] org.hibernate.SQL                        : 
    select
        u1_0.id,
        u1_0.email,
        u1_0.enabled,
        u1_0.name,
        u1_0.password,
        u1_0.role 
    from
        users u1_0 
    where
        u1_0.email=?
Hibernate: 
    select
        u1_0.id,
        u1_0.email,
        u1_0.enabled,
        u1_0.name,
        u1_0.password,
        u1_0.role 
    from
        users u1_0 
    where
        u1_0.email=?
Hibernate: 
    select
        u1_0.id,
        u1_0.email,
        u1_0.enabled,
        u1_0.name,
        u1_0.password,
        u1_0.role 
    from
        users u1_0 
    where
        u1_0.email=?
2025-12-07T00:53:48.089+05:30 DEBUG 544 --- [catchy] [nio-8080-exec-2] org.hibernate.SQL                        : 
    select
        u1_0.id,
        u1_0.email,
        u1_0.enabled,
        u1_0.name,
        u1_0.password,
        u1_0.role 
    from
        users u1_0 
    where
        u1_0.email=?
Hibernate: 
    select
        u1_0.id,
        u1_0.email,
        u1_0.enabled,
        u1_0.name,
        u1_0.password,
        u1_0.role 
    from
        users u1_0 
    where
        u1_0.email=?
2025-12-07T00:53:48.089+05:30 DEBUG 544 --- [catchy] [nio-8080-exec-7] org.hibernate.SQL                        : 
    select
        u1_0.id,
        u1_0.email,
        u1_0.enabled,
        u1_0.name,
        u1_0.password,
        u1_0.role 
    from
        users u1_0 
    where
        u1_0.email=?
Hibernate: 
    select
        u1_0.id,
        u1_0.email,
        u1_0.enabled,
        u1_0.name,
        u1_0.password,
        u1_0.role 
    from
        users u1_0 
    where
        u1_0.email=?
2025-12-07T00:53:48.093+05:30 DEBUG 544 --- [catchy] [nio-8080-exec-2] org.hibernate.SQL                        : 
    select
        wi1_0.id,
        wi1_0.added_at,
        wi1_0.product_id,
        wi1_0.user_id 
    from
        wishlist_items wi1_0 
    where
        wi1_0.user_id=?
Hibernate: 
    select
        wi1_0.id,
        wi1_0.added_at,
        wi1_0.product_id,
        wi1_0.user_id 
    from
        wishlist_items wi1_0 
    where
        wi1_0.user_id=?
2025-12-07T00:53:48.093+05:30 DEBUG 544 --- [catchy] [nio-8080-exec-7] org.hibernate.SQL                        : 
    select
        ci1_0.id,
        ci1_0.product_id,
        ci1_0.quantity,
        ci1_0.user_id 
    from
        cart_items ci1_0 
    where
        ci1_0.user_id=?
Hibernate: 
    select
        ci1_0.id,
        ci1_0.product_id,
        ci1_0.quantity,
        ci1_0.user_id 
    from
        cart_items ci1_0 
    where
        ci1_0.user_id=?
2025-12-07T00:53:48.103+05:30 DEBUG 544 --- [catchy] [nio-8080-exec-9] org.hibernate.SQL                        : 
    select
        u1_0.id,
        u1_0.email,
        u1_0.enabled,
        u1_0.name,
        u1_0.password,
        u1_0.role 
    from
        users u1_0 
    where
        u1_0.email=?
Hibernate: 
    select
        u1_0.id,
        u1_0.email,
        u1_0.enabled,
        u1_0.name,
        u1_0.password,
        u1_0.role 
    from
        users u1_0 
    where
        u1_0.email=?
2025-12-07T00:53:48.114+05:30 DEBUG 544 --- [catchy] [nio-8080-exec-9] org.hibernate.SQL                        : 
    select
        u1_0.id,
        u1_0.email,
        u1_0.enabled,
        u1_0.name,
        u1_0.password,
        u1_0.role 
    from
        users u1_0 
    where
        u1_0.email=?
Hibernate: 
    select
        u1_0.id,
        u1_0.email,
        u1_0.enabled,
        u1_0.name,
        u1_0.password,
        u1_0.role 
    from
        users u1_0 
    where
        u1_0.email=?
2025-12-07T00:53:48.119+05:30 DEBUG 544 --- [catchy] [nio-8080-exec-9] org.hibernate.SQL                        : 
    select
        wi1_0.id,
        wi1_0.added_at,
        wi1_0.product_id,
        wi1_0.user_id 
    from
        wishlist_items wi1_0 
    where
        wi1_0.user_id=?
Hibernate: 
    select
        wi1_0.id,
        wi1_0.added_at,
        wi1_0.product_id,
        wi1_0.user_id 
    from
        wishlist_items wi1_0 
    where
        wi1_0.user_id=?
2025-12-07T00:53:48.215+05:30 DEBUG 544 --- [catchy] [nio-8080-exec-6] org.hibernate.SQL                        : 
    select
        u1_0.id,
        u1_0.email,
        u1_0.enabled,
        u1_0.name,
        u1_0.password,
        u1_0.role 
    from
        users u1_0 
    where
        u1_0.email=?
Hibernate: 
    select
        u1_0.id,
        u1_0.email,
        u1_0.enabled,
        u1_0.name,
        u1_0.password,
        u1_0.role 
    from
        users u1_0 
    where
        u1_0.email=?
2025-12-07T00:54:08.072+05:30 DEBUG 544 --- [catchy] [nio-8080-exec-4] org.hibernate.SQL                        : 
    select
        u1_0.id,
        u1_0.email,
        u1_0.enabled,
        u1_0.name,
        u1_0.password,
        u1_0.role 
    from
        users u1_0 
    where
        u1_0.email=?
Hibernate: 
    select
        u1_0.id,
        u1_0.email,
        u1_0.enabled,
        u1_0.name,
        u1_0.password,
        u1_0.role 
    from
        users u1_0 
    where
        u1_0.email=?
2025-12-07T00:54:08.298+05:30 DEBUG 544 --- [catchy] [nio-8080-exec-4] org.hibernate.SQL                        : 
    select
        u1_0.id,
        u1_0.email,
        u1_0.enabled,
        u1_0.name,
        u1_0.password,
        u1_0.role 
    from
        users u1_0 
    where
        u1_0.email=?
Hibernate: 
    select
        u1_0.id,
        u1_0.email,
        u1_0.enabled,
        u1_0.name,
        u1_0.password,
        u1_0.role 
    from
        users u1_0 
    where
        u1_0.email=?
2025-12-07T00:54:08.400+05:30 DEBUG 544 --- [catchy] [nio-8080-exec-4] org.hibernate.SQL                        : 
    select
        u1_0.id,
        u1_0.email,
        u1_0.enabled,
        u1_0.name,
        u1_0.password,
        u1_0.role 
    from
        users u1_0 
    where
        u1_0.email=?
Hibernate: 
    select
        u1_0.id,
        u1_0.email,
        u1_0.enabled,
        u1_0.name,
        u1_0.password,
        u1_0.role 
    from
        users u1_0 
    where
        u1_0.email=?
2025-12-07T00:54:08.429+05:30 DEBUG 544 --- [catchy] [nio-8080-exec-4] org.hibernate.SQL                        : 
    select
        u1_0.id,
        u1_0.email,
        u1_0.enabled,
        u1_0.name,
        u1_0.password,
        u1_0.role 
    from
        users u1_0 
    where
        u1_0.email=?
Hibernate: 
    select
        u1_0.id,
        u1_0.email,
        u1_0.enabled,
        u1_0.name,
        u1_0.password,
        u1_0.role 
    from
        users u1_0 
    where
        u1_0.email=?
2025-12-07T00:54:08.993+05:30 DEBUG 544 --- [catchy] [nio-8080-exec-1] org.hibernate.SQL                        : 
    select
        u1_0.id,
        u1_0.email,
        u1_0.enabled,
        u1_0.name,
        u1_0.password,
        u1_0.role 
    from
        users u1_0 
    where
        u1_0.email=?
Hibernate: 
    select
        u1_0.id,
        u1_0.email,
        u1_0.enabled,
        u1_0.name,
        u1_0.password,
        u1_0.role 
    from
        users u1_0 
    where
        u1_0.email=?
2025-12-07T00:54:09.001+05:30 DEBUG 544 --- [catchy] [nio-8080-exec-1] org.hibernate.SQL                        : 
    select
        u1_0.id,
        u1_0.email,
        u1_0.enabled,
        u1_0.name,
        u1_0.password,
        u1_0.role 
    from
        users u1_0 
    where
        u1_0.email=?
Hibernate: 
    select
        u1_0.id,
        u1_0.email,
        u1_0.enabled,
        u1_0.name,
        u1_0.password,
        u1_0.role 
    from
        users u1_0 
    where
        u1_0.email=?
2025-12-07T00:54:09.096+05:30 DEBUG 544 --- [catchy] [nio-8080-exec-5] org.hibernate.SQL                        : 
    select
        u1_0.id,
        u1_0.email,
        u1_0.enabled,
        u1_0.name,
        u1_0.password,
        u1_0.role 
    from
        users u1_0 
    where
        u1_0.email=?
Hibernate: 
    select
        u1_0.id,
        u1_0.email,
        u1_0.enabled,
        u1_0.name,
        u1_0.password,
        u1_0.role 
    from
        users u1_0 
    where
        u1_0.email=?
2025-12-07T00:54:09.099+05:30 DEBUG 544 --- [catchy] [nio-8080-exec-2] org.hibernate.SQL                        : 
    select
        u1_0.id,
        u1_0.email,
        u1_0.enabled,
        u1_0.name,
        u1_0.password,
        u1_0.role 
    from
        users u1_0 
    where
        u1_0.email=?
Hibernate: 
    select
        u1_0.id,
        u1_0.email,
        u1_0.enabled,
        u1_0.name,
        u1_0.password,
        u1_0.role 
    from
        users u1_0 
    where
        u1_0.email=?
2025-12-07T00:54:09.170+05:30 DEBUG 544 --- [catchy] [nio-8080-exec-7] org.hibernate.SQL                        : 
    select
        u1_0.id,
        u1_0.email,
        u1_0.enabled,
        u1_0.name,
        u1_0.password,
        u1_0.role 
    from
        users u1_0 
    where
        u1_0.email=?
Hibernate: 
    select
        u1_0.id,
        u1_0.email,
        u1_0.enabled,
        u1_0.name,
        u1_0.password,
        u1_0.role 
    from
        users u1_0 
    where
        u1_0.email=?
2025-12-07T00:54:09.170+05:30 DEBUG 544 --- [catchy] [nio-8080-exec-9] org.hibernate.SQL                        : 
    select
        u1_0.id,
        u1_0.email,
        u1_0.enabled,
        u1_0.name,
        u1_0.password,
        u1_0.role 
    from
        users u1_0 
    where
        u1_0.email=?
Hibernate: 
    select
        u1_0.id,
        u1_0.email,
        u1_0.enabled,
        u1_0.name,
        u1_0.password,
        u1_0.role 
    from
        users u1_0 
    where
        u1_0.email=?
2025-12-07T00:54:09.173+05:30 DEBUG 544 --- [catchy] [nio-8080-exec-6] org.hibernate.SQL                        : 
    select
        u1_0.id,
        u1_0.email,
        u1_0.enabled,
        u1_0.name,
        u1_0.password,
        u1_0.role 
    from
        users u1_0 
    where
        u1_0.email=?
Hibernate: 
    select
        u1_0.id,
        u1_0.email,
        u1_0.enabled,
        u1_0.name,
        u1_0.password,
        u1_0.role 
    from
        users u1_0 
    where
        u1_0.email=?
2025-12-07T00:54:09.176+05:30 DEBUG 544 --- [catchy] [nio-8080-exec-7] org.hibernate.SQL                        : 
    select
        u1_0.id,
        u1_0.email,
        u1_0.enabled,
        u1_0.name,
        u1_0.password,
        u1_0.role 
    from
        users u1_0 
    where
        u1_0.email=?
Hibernate: 
    select
        u1_0.id,
        u1_0.email,
        u1_0.enabled,
        u1_0.name,
        u1_0.password,
        u1_0.role 
    from
        users u1_0 
    where
        u1_0.email=?
2025-12-07T00:54:09.176+05:30 DEBUG 544 --- [catchy] [nio-8080-exec-9] org.hibernate.SQL                        : 
    select
        u1_0.id,
        u1_0.email,
        u1_0.enabled,
        u1_0.name,
        u1_0.password,
        u1_0.role 
    from
        users u1_0 
    where
        u1_0.email=?
Hibernate: 
    select
        u1_0.id,
        u1_0.email,
        u1_0.enabled,
        u1_0.name,
        u1_0.password,
        u1_0.role 
    from
        users u1_0 
    where
        u1_0.email=?
2025-12-07T00:54:09.181+05:30 DEBUG 544 --- [catchy] [nio-8080-exec-7] org.hibernate.SQL                        : 
    select
        ci1_0.id,
        ci1_0.product_id,
        ci1_0.quantity,
        ci1_0.user_id 
    from
        cart_items ci1_0 
    where
        ci1_0.user_id=?
Hibernate: 
    select
        ci1_0.id,
        ci1_0.product_id,
        ci1_0.quantity,
        ci1_0.user_id 
    from
        cart_items ci1_0 
    where
        ci1_0.user_id=?
2025-12-07T00:54:09.181+05:30 DEBUG 544 --- [catchy] [nio-8080-exec-9] org.hibernate.SQL                        : 
    select
        wi1_0.id,
        wi1_0.added_at,
        wi1_0.product_id,
        wi1_0.user_id 
    from
        wishlist_items wi1_0 
    where
        wi1_0.user_id=?
Hibernate: 
    select
        wi1_0.id,
        wi1_0.added_at,
        wi1_0.product_id,
        wi1_0.user_id 
    from
        wishlist_items wi1_0 
    where
        wi1_0.user_id=?
2025-12-07T00:54:09.185+05:30 DEBUG 544 --- [catchy] [nio-8080-exec-6] org.hibernate.SQL                        : 
    select
        p1_0.id,
        p1_0.category,
        p1_0.description,
        p1_0.image_url,
        p1_0.name,
        p1_0.price,
        p1_0.stock 
    from
        products p1_0
Hibernate: 
    select
        p1_0.id,
        p1_0.category,
        p1_0.description,
        p1_0.image_url,
        p1_0.name,
        p1_0.price,
        p1_0.stock 
    from
        products p1_0
2025-12-07T00:54:09.193+05:30 DEBUG 544 --- [catchy] [nio-8080-exec-8] org.hibernate.SQL                        : 
    select
        u1_0.id,
        u1_0.email,
        u1_0.enabled,
        u1_0.name,
        u1_0.password,
        u1_0.role 
    from
        users u1_0 
    where
        u1_0.email=?
2025-12-07T00:54:09.193+05:30 DEBUG 544 --- [catchy] [nio-8080-exec-3] org.hibernate.SQL                        : 
    select
        u1_0.id,
        u1_0.email,
        u1_0.enabled,
        u1_0.name,
        u1_0.password,
        u1_0.role 
    from
        users u1_0 
    where
        u1_0.email=?
Hibernate: 
    select
        u1_0.id,
        u1_0.email,
        u1_0.enabled,
        u1_0.name,
        u1_0.password,
        u1_0.role 
    from
        users u1_0 
    where
        u1_0.email=?
Hibernate: 
    select
        u1_0.id,
        u1_0.email,
        u1_0.enabled,
        u1_0.name,
        u1_0.password,
        u1_0.role 
    from
        users u1_0 
    where
        u1_0.email=?
2025-12-07T00:54:09.205+05:30 DEBUG 544 --- [catchy] [nio-8080-exec-3] org.hibernate.SQL                        : 
    select
        u1_0.id,
        u1_0.email,
        u1_0.enabled,
        u1_0.name,
        u1_0.password,
        u1_0.role 
    from
        users u1_0 
    where
        u1_0.email=?
Hibernate: 
    select
        u1_0.id,
        u1_0.email,
        u1_0.enabled,
        u1_0.name,
        u1_0.password,
        u1_0.role 
    from
        users u1_0 
    where
        u1_0.email=?
2025-12-07T00:54:09.206+05:30 DEBUG 544 --- [catchy] [nio-8080-exec-8] org.hibernate.SQL                        : 
    select
        u1_0.id,
        u1_0.email,
        u1_0.enabled,
        u1_0.name,
        u1_0.password,
        u1_0.role 
    from
        users u1_0 
    where
        u1_0.email=?
Hibernate: 
    select
        u1_0.id,
        u1_0.email,
        u1_0.enabled,
        u1_0.name,
        u1_0.password,
        u1_0.role 
    from
        users u1_0 
    where
        u1_0.email=?
2025-12-07T00:54:09.211+05:30 DEBUG 544 --- [catchy] [nio-8080-exec-3] org.hibernate.SQL                        : 
    select
        wi1_0.id,
        wi1_0.added_at,
        wi1_0.product_id,
        wi1_0.user_id 
    from
        wishlist_items wi1_0 
    where
        wi1_0.user_id=?
2025-12-07T00:54:09.211+05:30 DEBUG 544 --- [catchy] [nio-8080-exec-8] org.hibernate.SQL                        : 
    select
        ci1_0.id,
        ci1_0.product_id,
        ci1_0.quantity,
        ci1_0.user_id 
    from
        cart_items ci1_0 
    where
        ci1_0.user_id=?
Hibernate: 
    select
        ci1_0.id,
        ci1_0.product_id,
        ci1_0.quantity,
        ci1_0.user_id 
    from
        cart_items ci1_0 
    where
        ci1_0.user_id=?
Hibernate: 
    select
        wi1_0.id,
        wi1_0.added_at,
        wi1_0.product_id,
        wi1_0.user_id 
    from
        wishlist_items wi1_0 
    where
        wi1_0.user_id=?
2025-12-07T00:54:09.222+05:30 DEBUG 544 --- [catchy] [io-8080-exec-10] org.hibernate.SQL                        : 
    select
        u1_0.id,
        u1_0.email,
        u1_0.enabled,
        u1_0.name,
        u1_0.password,
        u1_0.role 
    from
        users u1_0 
    where
        u1_0.email=?
Hibernate: 
    select
        u1_0.id,
        u1_0.email,
        u1_0.enabled,
        u1_0.name,
        u1_0.password,
        u1_0.role 
    from
        users u1_0 
    where
        u1_0.email=?
2025-12-07T00:54:09.228+05:30 DEBUG 544 --- [catchy] [io-8080-exec-10] org.hibernate.SQL                        : 
    select
        u1_0.id,
        u1_0.email,
        u1_0.enabled,
        u1_0.name,
        u1_0.password,
        u1_0.role 
    from
        users u1_0 
    where
        u1_0.email=?
Hibernate: 
    select
        u1_0.id,
        u1_0.email,
        u1_0.enabled,
        u1_0.name,
        u1_0.password,
        u1_0.role 
    from
        users u1_0 
    where
        u1_0.email=?
2025-12-07T00:54:09.233+05:30 DEBUG 544 --- [catchy] [io-8080-exec-10] org.hibernate.SQL                        : 
    select
        wi1_0.id,
        wi1_0.added_at,
        wi1_0.product_id,
        wi1_0.user_id 
    from
        wishlist_items wi1_0 
    where
        wi1_0.user_id=?
Hibernate: 
    select
        wi1_0.id,
        wi1_0.added_at,
        wi1_0.product_id,
        wi1_0.user_id 
    from
        wishlist_items wi1_0 
    where
        wi1_0.user_id=?
2025-12-07T00:54:09.366+05:30 DEBUG 544 --- [catchy] [nio-8080-exec-4] org.hibernate.SQL                        : 
    select
        u1_0.id,
        u1_0.email,
        u1_0.enabled,
        u1_0.name,
        u1_0.password,
        u1_0.role 
    from
        users u1_0 
    where
        u1_0.email=?
Hibernate: 
    select
        u1_0.id,
        u1_0.email,
        u1_0.enabled,
        u1_0.name,
        u1_0.password,
        u1_0.role 
    from
        users u1_0 
    where
        u1_0.email=?
2025-12-07T00:54:12.814+05:30 DEBUG 544 --- [catchy] [nio-8080-exec-5] org.hibernate.SQL                        : 
    select
        u1_0.id,
        u1_0.email,
        u1_0.enabled,
        u1_0.name,
        u1_0.password,
        u1_0.role 
    from
        users u1_0 
    where
        u1_0.email=?
Hibernate: 
    select
        u1_0.id,
        u1_0.email,
        u1_0.enabled,
        u1_0.name,
        u1_0.password,
        u1_0.role 
    from
        users u1_0 
    where
        u1_0.email=?
2025-12-07T00:54:12.893+05:30 DEBUG 544 --- [catchy] [nio-8080-exec-2] org.hibernate.SQL                        : 
    select
        u1_0.id,
        u1_0.email,
        u1_0.enabled,
        u1_0.name,
        u1_0.password,
        u1_0.role 
    from
        users u1_0 
    where
        u1_0.email=?
Hibernate: 
    select
        u1_0.id,
        u1_0.email,
        u1_0.enabled,
        u1_0.name,
        u1_0.password,
        u1_0.role 
    from
        users u1_0 
    where
        u1_0.email=?
2025-12-07T00:54:12.896+05:30 DEBUG 544 --- [catchy] [nio-8080-exec-9] org.hibernate.SQL                        : 
    select
        u1_0.id,
        u1_0.email,
        u1_0.enabled,
        u1_0.name,
        u1_0.password,
        u1_0.role 
    from
        users u1_0 
    where
        u1_0.email=?
Hibernate: 
    select
        u1_0.id,
        u1_0.email,
        u1_0.enabled,
        u1_0.name,
        u1_0.password,
        u1_0.role 
    from
        users u1_0 
    where
        u1_0.email=?
2025-12-07T00:54:12.933+05:30 DEBUG 544 --- [catchy] [nio-8080-exec-7] org.hibernate.SQL                        : 
    select
        u1_0.id,
        u1_0.email,
        u1_0.enabled,
        u1_0.name,
        u1_0.password,
        u1_0.role 
    from
        users u1_0 
    where
        u1_0.email=?
Hibernate: 
    select
        u1_0.id,
        u1_0.email,
        u1_0.enabled,
        u1_0.name,
        u1_0.password,
        u1_0.role 
    from
        users u1_0 
    where
        u1_0.email=?
2025-12-07T00:54:12.934+05:30 DEBUG 544 --- [catchy] [nio-8080-exec-8] org.hibernate.SQL                        : 
    select
        u1_0.id,
        u1_0.email,
        u1_0.enabled,
        u1_0.name,
        u1_0.password,
        u1_0.role 
    from
        users u1_0 
    where
        u1_0.email=?
Hibernate: 
    select
        u1_0.id,
        u1_0.email,
        u1_0.enabled,
        u1_0.name,
        u1_0.password,
        u1_0.role 
    from
        users u1_0 
    where
        u1_0.email=?
2025-12-07T00:54:12.947+05:30 DEBUG 544 --- [catchy] [nio-8080-exec-7] org.hibernate.SQL                        : 
    select
        u1_0.id,
        u1_0.email,
        u1_0.enabled,
        u1_0.name,
        u1_0.password,
        u1_0.role 
    from
        users u1_0 
    where
        u1_0.email=?
2025-12-07T00:54:12.947+05:30 DEBUG 544 --- [catchy] [nio-8080-exec-8] org.hibernate.SQL                        : 
    select
        u1_0.id,
        u1_0.email,
        u1_0.enabled,
        u1_0.name,
        u1_0.password,
        u1_0.role 
    from
        users u1_0 
    where
        u1_0.email=?
Hibernate: 
    select
        u1_0.id,
        u1_0.email,
        u1_0.enabled,
        u1_0.name,
        u1_0.password,
        u1_0.role 
    from
        users u1_0 
    where
        u1_0.email=?
Hibernate: 
    select
        u1_0.id,
        u1_0.email,
        u1_0.enabled,
        u1_0.name,
        u1_0.password,
        u1_0.role 
    from
        users u1_0 
    where
        u1_0.email=?
2025-12-07T00:54:12.951+05:30 DEBUG 544 --- [catchy] [nio-8080-exec-7] org.hibernate.SQL                        : 
    select
        ci1_0.id,
        ci1_0.product_id,
        ci1_0.quantity,
        ci1_0.user_id 
    from
        cart_items ci1_0 
    where
        ci1_0.user_id=?
Hibernate: 
    select
        ci1_0.id,
        ci1_0.product_id,
        ci1_0.quantity,
        ci1_0.user_id 
    from
        cart_items ci1_0 
    where
        ci1_0.user_id=?
2025-12-07T00:54:12.951+05:30 DEBUG 544 --- [catchy] [nio-8080-exec-8] org.hibernate.SQL                        : 
    select
        wi1_0.id,
        wi1_0.added_at,
        wi1_0.product_id,
        wi1_0.user_id 
    from
        wishlist_items wi1_0 
    where
        wi1_0.user_id=?
Hibernate: 
    select
        wi1_0.id,
        wi1_0.added_at,
        wi1_0.product_id,
        wi1_0.user_id 
    from
        wishlist_items wi1_0 
    where
        wi1_0.user_id=?
2025-12-07T00:54:12.968+05:30 DEBUG 544 --- [catchy] [nio-8080-exec-3] org.hibernate.SQL                        : 
    select
        u1_0.id,
        u1_0.email,
        u1_0.enabled,
        u1_0.name,
        u1_0.password,
        u1_0.role 
    from
        users u1_0 
    where
        u1_0.email=?
Hibernate: 
    select
        u1_0.id,
        u1_0.email,
        u1_0.enabled,
        u1_0.name,
        u1_0.password,
        u1_0.role 
    from
        users u1_0 
    where
        u1_0.email=?
2025-12-07T00:54:12.973+05:30 DEBUG 544 --- [catchy] [nio-8080-exec-3] org.hibernate.SQL                        : 
    select
        u1_0.id,
        u1_0.email,
        u1_0.enabled,
        u1_0.name,
        u1_0.password,
        u1_0.role 
    from
        users u1_0 
    where
        u1_0.email=?
Hibernate: 
    select
        u1_0.id,
        u1_0.email,
        u1_0.enabled,
        u1_0.name,
        u1_0.password,
        u1_0.role 
    from
        users u1_0 
    where
        u1_0.email=?
2025-12-07T00:54:12.978+05:30 DEBUG 544 --- [catchy] [nio-8080-exec-3] org.hibernate.SQL                        : 
    select
        wi1_0.id,
        wi1_0.added_at,
        wi1_0.product_id,
        wi1_0.user_id 
    from
        wishlist_items wi1_0 
    where
        wi1_0.user_id=?
Hibernate: 
    select
        wi1_0.id,
        wi1_0.added_at,
        wi1_0.product_id,
        wi1_0.user_id 
    from
        wishlist_items wi1_0 
    where
        wi1_0.user_id=?
2025-12-07T00:54:13.098+05:30 DEBUG 544 --- [catchy] [nio-8080-exec-6] org.hibernate.SQL                        : 
    select
        u1_0.id,
        u1_0.email,
        u1_0.enabled,
        u1_0.name,
        u1_0.password,
        u1_0.role 
    from
        users u1_0 
    where
        u1_0.email=?
Hibernate: 
    select
        u1_0.id,
        u1_0.email,
        u1_0.enabled,
        u1_0.name,
        u1_0.password,
        u1_0.role 
    from
        users u1_0 
    where
        u1_0.email=?
2025-12-07T00:54:22.003+05:30 DEBUG 544 --- [catchy] [io-8080-exec-10] org.hibernate.SQL                        : 
    select
        u1_0.id,
        u1_0.email,
        u1_0.enabled,
        u1_0.name,
        u1_0.password,
        u1_0.role 
    from
        users u1_0 
    where
        u1_0.email=?
Hibernate: 
    select
        u1_0.id,
        u1_0.email,
        u1_0.enabled,
        u1_0.name,
        u1_0.password,
        u1_0.role 
    from
        users u1_0 
    where
        u1_0.email=?
2025-12-07T00:54:22.010+05:30 DEBUG 544 --- [catchy] [io-8080-exec-10] org.hibernate.SQL                        : 
    select
        u1_0.id,
        u1_0.email,
        u1_0.enabled,
        u1_0.name,
        u1_0.password,
        u1_0.role 
    from
        users u1_0 
    where
        u1_0.email=?
Hibernate: 
    select
        u1_0.id,
        u1_0.email,
        u1_0.enabled,
        u1_0.name,
        u1_0.password,
        u1_0.role 
    from
        users u1_0 
    where
        u1_0.email=?
2025-12-07T00:54:22.062+05:30 DEBUG 544 --- [catchy] [nio-8080-exec-4] org.hibernate.SQL                        : 
    select
        u1_0.id,
        u1_0.email,
        u1_0.enabled,
        u1_0.name,
        u1_0.password,
        u1_0.role 
    from
        users u1_0 
    where
        u1_0.email=?
Hibernate: 
    select
        u1_0.id,
        u1_0.email,
        u1_0.enabled,
        u1_0.name,
        u1_0.password,
        u1_0.role 
    from
        users u1_0 
    where
        u1_0.email=?
2025-12-07T00:54:22.063+05:30 DEBUG 544 --- [catchy] [nio-8080-exec-1] org.hibernate.SQL                        : 
    select
        u1_0.id,
        u1_0.email,
        u1_0.enabled,
        u1_0.name,
        u1_0.password,
        u1_0.role 
    from
        users u1_0 
    where
        u1_0.email=?
Hibernate: 
    select
        u1_0.id,
        u1_0.email,
        u1_0.enabled,
        u1_0.name,
        u1_0.password,
        u1_0.role 
    from
        users u1_0 
    where
        u1_0.email=?
2025-12-07T00:54:22.088+05:30 DEBUG 544 --- [catchy] [nio-8080-exec-5] org.hibernate.SQL                        : 
    select
        u1_0.id,
        u1_0.email,
        u1_0.enabled,
        u1_0.name,
        u1_0.password,
        u1_0.role 
    from
        users u1_0 
    where
        u1_0.email=?
Hibernate: 
    select
        u1_0.id,
        u1_0.email,
        u1_0.enabled,
        u1_0.name,
        u1_0.password,
        u1_0.role 
    from
        users u1_0 
    where
        u1_0.email=?
2025-12-07T00:54:22.088+05:30 DEBUG 544 --- [catchy] [nio-8080-exec-2] org.hibernate.SQL                        : 
    select
        u1_0.id,
        u1_0.email,
        u1_0.enabled,
        u1_0.name,
        u1_0.password,
        u1_0.role 
    from
        users u1_0 
    where
        u1_0.email=?
Hibernate: 
    select
        u1_0.id,
        u1_0.email,
        u1_0.enabled,
        u1_0.name,
        u1_0.password,
        u1_0.role 
    from
        users u1_0 
    where
        u1_0.email=?
2025-12-07T00:54:22.088+05:30 DEBUG 544 --- [catchy] [nio-8080-exec-9] org.hibernate.SQL                        : 
    select
        u1_0.id,
        u1_0.email,
        u1_0.enabled,
        u1_0.name,
        u1_0.password,
        u1_0.role 
    from
        users u1_0 
    where
        u1_0.email=?
Hibernate: 
    select
        u1_0.id,
        u1_0.email,
        u1_0.enabled,
        u1_0.name,
        u1_0.password,
        u1_0.role 
    from
        users u1_0 
    where
        u1_0.email=?
2025-12-07T00:54:22.096+05:30 DEBUG 544 --- [catchy] [nio-8080-exec-2] org.hibernate.SQL                        : 
    select
        u1_0.id,
        u1_0.email,
        u1_0.enabled,
        u1_0.name,
        u1_0.password,
        u1_0.role 
    from
        users u1_0 
    where
        u1_0.email=?
Hibernate: 
    select
        u1_0.id,
        u1_0.email,
        u1_0.enabled,
        u1_0.name,
        u1_0.password,
        u1_0.role 
    from
        users u1_0 
    where
        u1_0.email=?
2025-12-07T00:54:22.096+05:30 DEBUG 544 --- [catchy] [nio-8080-exec-5] org.hibernate.SQL                        : 
    select
        u1_0.id,
        u1_0.email,
        u1_0.enabled,
        u1_0.name,
        u1_0.password,
        u1_0.role 
    from
        users u1_0 
    where
        u1_0.email=?
Hibernate: 
    select
        u1_0.id,
        u1_0.email,
        u1_0.enabled,
        u1_0.name,
        u1_0.password,
        u1_0.role 
    from
        users u1_0 
    where
        u1_0.email=?
2025-12-07T00:54:22.099+05:30 DEBUG 544 --- [catchy] [nio-8080-exec-9] org.hibernate.SQL                        : 
    select
        p1_0.id,
        p1_0.category,
        p1_0.description,
        p1_0.image_url,
        p1_0.name,
        p1_0.price,
        p1_0.stock 
    from
        products p1_0
2025-12-07T00:54:22.099+05:30 DEBUG 544 --- [catchy] [nio-8080-exec-2] org.hibernate.SQL                        : 
    select
        wi1_0.id,
        wi1_0.added_at,
        wi1_0.product_id,
        wi1_0.user_id 
    from
        wishlist_items wi1_0 
    where
        wi1_0.user_id=?
Hibernate: 
    select
        wi1_0.id,
        wi1_0.added_at,
        wi1_0.product_id,
        wi1_0.user_id 
    from
        wishlist_items wi1_0 
    where
        wi1_0.user_id=?
2025-12-07T00:54:22.099+05:30 DEBUG 544 --- [catchy] [nio-8080-exec-5] org.hibernate.SQL                        : 
    select
        ci1_0.id,
        ci1_0.product_id,
        ci1_0.quantity,
        ci1_0.user_id 
    from
        cart_items ci1_0 
    where
        ci1_0.user_id=?
Hibernate: 
    select
        ci1_0.id,
        ci1_0.product_id,
        ci1_0.quantity,
        ci1_0.user_id 
    from
        cart_items ci1_0 
    where
        ci1_0.user_id=?
Hibernate: 
    select
        p1_0.id,
        p1_0.category,
        p1_0.description,
        p1_0.image_url,
        p1_0.name,
        p1_0.price,
        p1_0.stock 
    from
        products p1_0
2025-12-07T00:54:22.113+05:30 DEBUG 544 --- [catchy] [nio-8080-exec-7] org.hibernate.SQL                        : 
    select
        u1_0.id,
        u1_0.email,
        u1_0.enabled,
        u1_0.name,
        u1_0.password,
        u1_0.role 
    from
        users u1_0 
    where
        u1_0.email=?
2025-12-07T00:54:22.113+05:30 DEBUG 544 --- [catchy] [nio-8080-exec-8] org.hibernate.SQL                        : 
    select
        u1_0.id,
        u1_0.email,
        u1_0.enabled,
        u1_0.name,
        u1_0.password,
        u1_0.role 
    from
        users u1_0 
    where
        u1_0.email=?
Hibernate: 
    select
        u1_0.id,
        u1_0.email,
        u1_0.enabled,
        u1_0.name,
        u1_0.password,
        u1_0.role 
    from
        users u1_0 
    where
        u1_0.email=?
Hibernate: 
    select
        u1_0.id,
        u1_0.email,
        u1_0.enabled,
        u1_0.name,
        u1_0.password,
        u1_0.role 
    from
        users u1_0 
    where
        u1_0.email=?
2025-12-07T00:54:22.119+05:30 DEBUG 544 --- [catchy] [nio-8080-exec-8] org.hibernate.SQL                        : 
    select
        u1_0.id,
        u1_0.email,
        u1_0.enabled,
        u1_0.name,
        u1_0.password,
        u1_0.role 
    from
        users u1_0 
    where
        u1_0.email=?
Hibernate: 
    select
        u1_0.id,
        u1_0.email,
        u1_0.enabled,
        u1_0.name,
        u1_0.password,
        u1_0.role 
    from
        users u1_0 
    where
        u1_0.email=?
2025-12-07T00:54:22.119+05:30 DEBUG 544 --- [catchy] [nio-8080-exec-7] org.hibernate.SQL                        : 
    select
        u1_0.id,
        u1_0.email,
        u1_0.enabled,
        u1_0.name,
        u1_0.password,
        u1_0.role 
    from
        users u1_0 
    where
        u1_0.email=?
Hibernate: 
    select
        u1_0.id,
        u1_0.email,
        u1_0.enabled,
        u1_0.name,
        u1_0.password,
        u1_0.role 
    from
        users u1_0 
    where
        u1_0.email=?
2025-12-07T00:54:22.124+05:30 DEBUG 544 --- [catchy] [nio-8080-exec-8] org.hibernate.SQL                        : 
    select
        wi1_0.id,
        wi1_0.added_at,
        wi1_0.product_id,
        wi1_0.user_id 
    from
        wishlist_items wi1_0 
    where
        wi1_0.user_id=?
Hibernate: 
    select
        wi1_0.id,
        wi1_0.added_at,
        wi1_0.product_id,
        wi1_0.user_id 
    from
        wishlist_items wi1_0 
    where
        wi1_0.user_id=?
2025-12-07T00:54:22.124+05:30 DEBUG 544 --- [catchy] [nio-8080-exec-7] org.hibernate.SQL                        : 
    select
        ci1_0.id,
        ci1_0.product_id,
        ci1_0.quantity,
        ci1_0.user_id 
    from
        cart_items ci1_0 
    where
        ci1_0.user_id=?
Hibernate: 
    select
        ci1_0.id,
        ci1_0.product_id,
        ci1_0.quantity,
        ci1_0.user_id 
    from
        cart_items ci1_0 
    where
        ci1_0.user_id=?
2025-12-07T00:54:22.131+05:30 DEBUG 544 --- [catchy] [nio-8080-exec-3] org.hibernate.SQL                        : 
    select
        u1_0.id,
        u1_0.email,
        u1_0.enabled,
        u1_0.name,
        u1_0.password,
        u1_0.role 
    from
        users u1_0 
    where
        u1_0.email=?
Hibernate: 
    select
        u1_0.id,
        u1_0.email,
        u1_0.enabled,
        u1_0.name,
        u1_0.password,
        u1_0.role 
    from
        users u1_0 
    where
        u1_0.email=?
2025-12-07T00:54:22.136+05:30 DEBUG 544 --- [catchy] [nio-8080-exec-3] org.hibernate.SQL                        : 
    select
        u1_0.id,
        u1_0.email,
        u1_0.enabled,
        u1_0.name,
        u1_0.password,
        u1_0.role 
    from
        users u1_0 
    where
        u1_0.email=?
Hibernate: 
    select
        u1_0.id,
        u1_0.email,
        u1_0.enabled,
        u1_0.name,
        u1_0.password,
        u1_0.role 
    from
        users u1_0 
    where
        u1_0.email=?
2025-12-07T00:54:22.139+05:30 DEBUG 544 --- [catchy] [nio-8080-exec-3] org.hibernate.SQL                        : 
    select
        wi1_0.id,
        wi1_0.added_at,
        wi1_0.product_id,
        wi1_0.user_id 
    from
        wishlist_items wi1_0 
    where
        wi1_0.user_id=?
Hibernate: 
    select
        wi1_0.id,
        wi1_0.added_at,
        wi1_0.product_id,
        wi1_0.user_id 
    from
        wishlist_items wi1_0 
    where
        wi1_0.user_id=?
2025-12-07T00:54:22.287+05:30 DEBUG 544 --- [catchy] [nio-8080-exec-6] org.hibernate.SQL                        : 
    select
        u1_0.id,
        u1_0.email,
        u1_0.enabled,
        u1_0.name,
        u1_0.password,
        u1_0.role 
    from
        users u1_0 
    where
        u1_0.email=?
Hibernate: 
    select
        u1_0.id,
        u1_0.email,
        u1_0.enabled,
        u1_0.name,
        u1_0.password,
        u1_0.role 
    from
        users u1_0 
    where
        u1_0.email=?
2025-12-07T00:54:24.155+05:30 DEBUG 544 --- [catchy] [io-8080-exec-10] org.hibernate.SQL                        : 
    select
        u1_0.id,
        u1_0.email,
        u1_0.enabled,
        u1_0.name,
        u1_0.password,
        u1_0.role 
    from
        users u1_0 
    where
        u1_0.email=?
Hibernate: 
    select
        u1_0.id,
        u1_0.email,
        u1_0.enabled,
        u1_0.name,
        u1_0.password,
        u1_0.role 
    from
        users u1_0 
    where
        u1_0.email=?
2025-12-07T00:54:24.218+05:30 DEBUG 544 --- [catchy] [nio-8080-exec-4] org.hibernate.SQL                        : 
    select
        u1_0.id,
        u1_0.email,
        u1_0.enabled,
        u1_0.name,
        u1_0.password,
        u1_0.role 
    from
        users u1_0 
    where
        u1_0.email=?
Hibernate: 
    select
        u1_0.id,
        u1_0.email,
        u1_0.enabled,
        u1_0.name,
        u1_0.password,
        u1_0.role 
    from
        users u1_0 
    where
        u1_0.email=?
2025-12-07T00:54:24.220+05:30 DEBUG 544 --- [catchy] [nio-8080-exec-1] org.hibernate.SQL                        : 
    select
        u1_0.id,
        u1_0.email,
        u1_0.enabled,
        u1_0.name,
        u1_0.password,
        u1_0.role 
    from
        users u1_0 
    where
        u1_0.email=?
Hibernate: 
    select
        u1_0.id,
        u1_0.email,
        u1_0.enabled,
        u1_0.name,
        u1_0.password,
        u1_0.role 
    from
        users u1_0 
    where
        u1_0.email=?
2025-12-07T00:54:24.246+05:30 DEBUG 544 --- [catchy] [nio-8080-exec-2] org.hibernate.SQL                        : 
    select
        u1_0.id,
        u1_0.email,
        u1_0.enabled,
        u1_0.name,
        u1_0.password,
        u1_0.role 
    from
        users u1_0 
    where
        u1_0.email=?
Hibernate: 
    select
        u1_0.id,
        u1_0.email,
        u1_0.enabled,
        u1_0.name,
        u1_0.password,
        u1_0.role 
    from
        users u1_0 
    where
        u1_0.email=?
2025-12-07T00:54:24.247+05:30 DEBUG 544 --- [catchy] [nio-8080-exec-5] org.hibernate.SQL                        : 
    select
        u1_0.id,
        u1_0.email,
        u1_0.enabled,
        u1_0.name,
        u1_0.password,
        u1_0.role 
    from
        users u1_0 
    where
        u1_0.email=?
Hibernate: 
    select
        u1_0.id,
        u1_0.email,
        u1_0.enabled,
        u1_0.name,
        u1_0.password,
        u1_0.role 
    from
        users u1_0 
    where
        u1_0.email=?
2025-12-07T00:54:24.254+05:30 DEBUG 544 --- [catchy] [nio-8080-exec-5] org.hibernate.SQL                        : 
    select
        u1_0.id,
        u1_0.email,
        u1_0.enabled,
        u1_0.name,
        u1_0.password,
        u1_0.role 
    from
        users u1_0 
    where
        u1_0.email=?
Hibernate: 
    select
        u1_0.id,
        u1_0.email,
        u1_0.enabled,
        u1_0.name,
        u1_0.password,
        u1_0.role 
    from
        users u1_0 
    where
        u1_0.email=?
2025-12-07T00:54:24.257+05:30 DEBUG 544 --- [catchy] [nio-8080-exec-2] org.hibernate.SQL                        : 
    select
        u1_0.id,
        u1_0.email,
        u1_0.enabled,
        u1_0.name,
        u1_0.password,
        u1_0.role 
    from
        users u1_0 
    where
        u1_0.email=?
Hibernate: 
    select
        u1_0.id,
        u1_0.email,
        u1_0.enabled,
        u1_0.name,
        u1_0.password,
        u1_0.role 
    from
        users u1_0 
    where
        u1_0.email=?
2025-12-07T00:54:24.261+05:30 DEBUG 544 --- [catchy] [nio-8080-exec-5] org.hibernate.SQL                        : 
    select
        wi1_0.id,
        wi1_0.added_at,
        wi1_0.product_id,
        wi1_0.user_id 
    from
        wishlist_items wi1_0 
    where
        wi1_0.user_id=?
Hibernate: 
    select
        wi1_0.id,
        wi1_0.added_at,
        wi1_0.product_id,
        wi1_0.user_id 
    from
        wishlist_items wi1_0 
    where
        wi1_0.user_id=?
2025-12-07T00:54:24.262+05:30 DEBUG 544 --- [catchy] [nio-8080-exec-2] org.hibernate.SQL                        : 
    select
        ci1_0.id,
        ci1_0.product_id,
        ci1_0.quantity,
        ci1_0.user_id 
    from
        cart_items ci1_0 
    where
        ci1_0.user_id=?
Hibernate: 
    select
        ci1_0.id,
        ci1_0.product_id,
        ci1_0.quantity,
        ci1_0.user_id 
    from
        cart_items ci1_0 
    where
        ci1_0.user_id=?
2025-12-07T00:54:24.270+05:30 DEBUG 544 --- [catchy] [nio-8080-exec-9] org.hibernate.SQL                        : 
    select
        u1_0.id,
        u1_0.email,
        u1_0.enabled,
        u1_0.name,
        u1_0.password,
        u1_0.role 
    from
        users u1_0 
    where
        u1_0.email=?
Hibernate: 
    select
        u1_0.id,
        u1_0.email,
        u1_0.enabled,
        u1_0.name,
        u1_0.password,
        u1_0.role 
    from
        users u1_0 
    where
        u1_0.email=?
2025-12-07T00:54:24.277+05:30 DEBUG 544 --- [catchy] [nio-8080-exec-9] org.hibernate.SQL                        : 
    select
        u1_0.id,
        u1_0.email,
        u1_0.enabled,
        u1_0.name,
        u1_0.password,
        u1_0.role 
    from
        users u1_0 
    where
        u1_0.email=?
Hibernate: 
    select
        u1_0.id,
        u1_0.email,
        u1_0.enabled,
        u1_0.name,
        u1_0.password,
        u1_0.role 
    from
        users u1_0 
    where
        u1_0.email=?
2025-12-07T00:54:24.282+05:30 DEBUG 544 --- [catchy] [nio-8080-exec-9] org.hibernate.SQL                        : 
    select
        wi1_0.id,
        wi1_0.added_at,
        wi1_0.product_id,
        wi1_0.user_id 
    from
        wishlist_items wi1_0 
    where
        wi1_0.user_id=?
Hibernate: 
    select
        wi1_0.id,
        wi1_0.added_at,
        wi1_0.product_id,
        wi1_0.user_id 
    from
        wishlist_items wi1_0 
    where
        wi1_0.user_id=?
2025-12-07T00:54:24.424+05:30 DEBUG 544 --- [catchy] [nio-8080-exec-8] org.hibernate.SQL                        : 
    select
        u1_0.id,
        u1_0.email,
        u1_0.enabled,
        u1_0.name,
        u1_0.password,
        u1_0.role 
    from
        users u1_0 
    where
        u1_0.email=?
Hibernate: 
    select
        u1_0.id,
        u1_0.email,
        u1_0.enabled,
        u1_0.name,
        u1_0.password,
        u1_0.role 
    from
        users u1_0 
    where
        u1_0.email=?
2025-12-07T00:57:18.090+05:30 DEBUG 544 --- [catchy] [nio-8080-exec-1] org.hibernate.SQL                        : 
    select
        u1_0.id,
        u1_0.email,
        u1_0.enabled,
        u1_0.name,
        u1_0.password,
        u1_0.role 
    from
        users u1_0 
    where
        u1_0.email=?
Hibernate: 
    select
        u1_0.id,
        u1_0.email,
        u1_0.enabled,
        u1_0.name,
        u1_0.password,
        u1_0.role 
    from
        users u1_0 
    where
        u1_0.email=?
2025-12-07T00:57:18.146+05:30 DEBUG 544 --- [catchy] [nio-8080-exec-5] org.hibernate.SQL                        : 
    select
        u1_0.id,
        u1_0.email,
        u1_0.enabled,
        u1_0.name,
        u1_0.password,
        u1_0.role 
    from
        users u1_0 
    where
        u1_0.email=?
Hibernate: 
    select
        u1_0.id,
        u1_0.email,
        u1_0.enabled,
        u1_0.name,
        u1_0.password,
        u1_0.role 
    from
        users u1_0 
    where
        u1_0.email=?
2025-12-07T00:57:18.147+05:30 DEBUG 544 --- [catchy] [nio-8080-exec-2] org.hibernate.SQL                        : 
    select
        u1_0.id,
        u1_0.email,
        u1_0.enabled,
        u1_0.name,
        u1_0.password,
        u1_0.role 
    from
        users u1_0 
    where
        u1_0.email=?
Hibernate: 
    select
        u1_0.id,
        u1_0.email,
        u1_0.enabled,
        u1_0.name,
        u1_0.password,
        u1_0.role 
    from
        users u1_0 
    where
        u1_0.email=?
2025-12-07T00:57:18.253+05:30 DEBUG 544 --- [catchy] [nio-8080-exec-9] org.hibernate.SQL                        : 
    select
        u1_0.id,
        u1_0.email,
        u1_0.enabled,
        u1_0.name,
        u1_0.password,
        u1_0.role 
    from
        users u1_0 
    where
        u1_0.email=?
Hibernate: 
    select
        u1_0.id,
        u1_0.email,
        u1_0.enabled,
        u1_0.name,
        u1_0.password,
        u1_0.role 
    from
        users u1_0 
    where
        u1_0.email=?
2025-12-07T00:57:18.254+05:30 DEBUG 544 --- [catchy] [nio-8080-exec-8] org.hibernate.SQL                        : 
    select
        u1_0.id,
        u1_0.email,
        u1_0.enabled,
        u1_0.name,
        u1_0.password,
        u1_0.role 
    from
        users u1_0 
    where
        u1_0.email=?
Hibernate: 
    select
        u1_0.id,
        u1_0.email,
        u1_0.enabled,
        u1_0.name,
        u1_0.password,
        u1_0.role 
    from
        users u1_0 
    where
        u1_0.email=?
2025-12-07T00:57:18.262+05:30 DEBUG 544 --- [catchy] [nio-8080-exec-9] org.hibernate.SQL                        : 
    select
        u1_0.id,
        u1_0.email,
        u1_0.enabled,
        u1_0.name,
        u1_0.password,
        u1_0.role 
    from
        users u1_0 
    where
        u1_0.email=?
Hibernate: 
    select
        u1_0.id,
        u1_0.email,
        u1_0.enabled,
        u1_0.name,
        u1_0.password,
        u1_0.role 
    from
        users u1_0 
    where
        u1_0.email=?
2025-12-07T00:57:18.263+05:30 DEBUG 544 --- [catchy] [nio-8080-exec-8] org.hibernate.SQL                        : 
    select
        u1_0.id,
        u1_0.email,
        u1_0.enabled,
        u1_0.name,
        u1_0.password,
        u1_0.role 
    from
        users u1_0 
    where
        u1_0.email=?
Hibernate: 
    select
        u1_0.id,
        u1_0.email,
        u1_0.enabled,
        u1_0.name,
        u1_0.password,
        u1_0.role 
    from
        users u1_0 
    where
        u1_0.email=?
2025-12-07T00:57:18.271+05:30 DEBUG 544 --- [catchy] [nio-8080-exec-8] org.hibernate.SQL                        : 
    select
        wi1_0.id,
        wi1_0.added_at,
        wi1_0.product_id,
        wi1_0.user_id 
    from
        wishlist_items wi1_0 
    where
        wi1_0.user_id=?
Hibernate: 
    select
        wi1_0.id,
        wi1_0.added_at,
        wi1_0.product_id,
        wi1_0.user_id 
    from
        wishlist_items wi1_0 
    where
        wi1_0.user_id=?
2025-12-07T00:57:18.271+05:30 DEBUG 544 --- [catchy] [nio-8080-exec-9] org.hibernate.SQL                        : 
    select
        ci1_0.id,
        ci1_0.product_id,
        ci1_0.quantity,
        ci1_0.user_id 
    from
        cart_items ci1_0 
    where
        ci1_0.user_id=?
Hibernate: 
    select
        ci1_0.id,
        ci1_0.product_id,
        ci1_0.quantity,
        ci1_0.user_id 
    from
        cart_items ci1_0 
    where
        ci1_0.user_id=?
2025-12-07T00:57:18.296+05:30 DEBUG 544 --- [catchy] [nio-8080-exec-7] org.hibernate.SQL                        : 
    select
        u1_0.id,
        u1_0.email,
        u1_0.enabled,
        u1_0.name,
        u1_0.password,
        u1_0.role 
    from
        users u1_0 
    where
        u1_0.email=?
Hibernate: 
    select
        u1_0.id,
        u1_0.email,
        u1_0.enabled,
        u1_0.name,
        u1_0.password,
        u1_0.role 
    from
        users u1_0 
    where
        u1_0.email=?
2025-12-07T00:57:18.304+05:30 DEBUG 544 --- [catchy] [nio-8080-exec-7] org.hibernate.SQL                        : 
    select
        u1_0.id,
        u1_0.email,
        u1_0.enabled,
        u1_0.name,
        u1_0.password,
        u1_0.role 
    from
        users u1_0 
    where
        u1_0.email=?
Hibernate: 
    select
        u1_0.id,
        u1_0.email,
        u1_0.enabled,
        u1_0.name,
        u1_0.password,
        u1_0.role 
    from
        users u1_0 
    where
        u1_0.email=?
2025-12-07T00:57:18.319+05:30 DEBUG 544 --- [catchy] [nio-8080-exec-7] org.hibernate.SQL                        : 
    select
        wi1_0.id,
        wi1_0.added_at,
        wi1_0.product_id,
        wi1_0.user_id 
    from
        wishlist_items wi1_0 
    where
        wi1_0.user_id=?
Hibernate: 
    select
        wi1_0.id,
        wi1_0.added_at,
        wi1_0.product_id,
        wi1_0.user_id 
    from
        wishlist_items wi1_0 
    where
        wi1_0.user_id=?
2025-12-07T00:57:20.664+05:30 DEBUG 544 --- [catchy] [nio-8080-exec-3] org.hibernate.SQL                        : 
    select
        u1_0.id,
        u1_0.email,
        u1_0.enabled,
        u1_0.name,
        u1_0.password,
        u1_0.role 
    from
        users u1_0 
    where
        u1_0.email=?
Hibernate: 
    select
        u1_0.id,
        u1_0.email,
        u1_0.enabled,
        u1_0.name,
        u1_0.password,
        u1_0.role 
    from
        users u1_0 
    where
        u1_0.email=?
2025-12-07T00:57:23.592+05:30 DEBUG 544 --- [catchy] [io-8080-exec-10] org.hibernate.SQL                        : 
    select
        u1_0.id,
        u1_0.email,
        u1_0.enabled,
        u1_0.name,
        u1_0.password,
        u1_0.role 
    from
        users u1_0 
    where
        u1_0.email=?
Hibernate: 
    select
        u1_0.id,
        u1_0.email,
        u1_0.enabled,
        u1_0.name,
        u1_0.password,
        u1_0.role 
    from
        users u1_0 
    where
        u1_0.email=?
2025-12-07T00:57:23.656+05:30 DEBUG 544 --- [catchy] [nio-8080-exec-6] org.hibernate.SQL                        : 
    select
        u1_0.id,
        u1_0.email,
        u1_0.enabled,
        u1_0.name,
        u1_0.password,
        u1_0.role 
    from
        users u1_0 
    where
        u1_0.email=?
Hibernate: 
    select
        u1_0.id,
        u1_0.email,
        u1_0.enabled,
        u1_0.name,
        u1_0.password,
        u1_0.role 
    from
        users u1_0 
    where
        u1_0.email=?
2025-12-07T00:57:23.854+05:30 DEBUG 544 --- [catchy] [nio-8080-exec-4] org.hibernate.SQL                        : 
    select
        u1_0.id,
        u1_0.email,
        u1_0.enabled,
        u1_0.name,
        u1_0.password,
        u1_0.role 
    from
        users u1_0 
    where
        u1_0.email=?
Hibernate: 
    select
        u1_0.id,
        u1_0.email,
        u1_0.enabled,
        u1_0.name,
        u1_0.password,
        u1_0.role 
    from
        users u1_0 
    where
        u1_0.email=?
2025-12-07T00:59:21.562+05:30 DEBUG 544 --- [catchy] [nio-8080-exec-8] org.hibernate.SQL                        : 
    select
        u1_0.id,
        u1_0.email,
        u1_0.enabled,
        u1_0.name,
        u1_0.password,
        u1_0.role 
    from
        users u1_0 
    where
        u1_0.email=?
Hibernate: 
    select
        u1_0.id,
        u1_0.email,
        u1_0.enabled,
        u1_0.name,
        u1_0.password,
        u1_0.role 
    from
        users u1_0 
    where
        u1_0.email=?
2025-12-07T00:59:21.629+05:30 DEBUG 544 --- [catchy] [nio-8080-exec-9] org.hibernate.SQL                        : 
    select
        u1_0.id,
        u1_0.email,
        u1_0.enabled,
        u1_0.name,
        u1_0.password,
        u1_0.role 
    from
        users u1_0 
    where
        u1_0.email=?
Hibernate: 
    select
        u1_0.id,
        u1_0.email,
        u1_0.enabled,
        u1_0.name,
        u1_0.password,
        u1_0.role 
    from
        users u1_0 
    where
        u1_0.email=?
2025-12-07T00:59:23.560+05:30 DEBUG 544 --- [catchy] [nio-8080-exec-7] org.hibernate.SQL                        : 
    select
        u1_0.id,
        u1_0.email,
        u1_0.enabled,
        u1_0.name,
        u1_0.password,
        u1_0.role 
    from
        users u1_0 
    where
        u1_0.email=?
Hibernate: 
    select
        u1_0.id,
        u1_0.email,
        u1_0.enabled,
        u1_0.name,
        u1_0.password,
        u1_0.role 
    from
        users u1_0 
    where
        u1_0.email=?
2025-12-07T00:59:30.642+05:30 DEBUG 544 --- [catchy] [nio-8080-exec-3] org.hibernate.SQL                        : 
    select
        u1_0.id,
        u1_0.email,
        u1_0.enabled,
        u1_0.name,
        u1_0.password,
        u1_0.role 
    from
        users u1_0 
    where
        u1_0.email=?
Hibernate: 
    select
        u1_0.id,
        u1_0.email,
        u1_0.enabled,
        u1_0.name,
        u1_0.password,
        u1_0.role 
    from
        users u1_0 
    where
        u1_0.email=?
2025-12-07T00:59:30.684+05:30 DEBUG 544 --- [catchy] [io-8080-exec-10] org.hibernate.SQL                        : 
    select
        u1_0.id,
        u1_0.email,
        u1_0.enabled,
        u1_0.name,
        u1_0.password,
        u1_0.role 
    from
        users u1_0 
    where
        u1_0.email=?
Hibernate: 
    select
        u1_0.id,
        u1_0.email,
        u1_0.enabled,
        u1_0.name,
        u1_0.password,
        u1_0.role 
    from
        users u1_0 
    where
        u1_0.email=?
2025-12-07T00:59:30.687+05:30 DEBUG 544 --- [catchy] [nio-8080-exec-6] org.hibernate.SQL                        : 
    select
        u1_0.id,
        u1_0.email,
        u1_0.enabled,
        u1_0.name,
        u1_0.password,
        u1_0.role 
    from
        users u1_0 
    where
        u1_0.email=?
Hibernate: 
    select
        u1_0.id,
        u1_0.email,
        u1_0.enabled,
        u1_0.name,
        u1_0.password,
        u1_0.role 
    from
        users u1_0 
    where
        u1_0.email=?
2025-12-07T00:59:30.765+05:30 DEBUG 544 --- [catchy] [nio-8080-exec-1] org.hibernate.SQL                        : 
    select
        u1_0.id,
        u1_0.email,
        u1_0.enabled,
        u1_0.name,
        u1_0.password,
        u1_0.role 
    from
        users u1_0 
    where
        u1_0.email=?
Hibernate: 
    select
        u1_0.id,
        u1_0.email,
        u1_0.enabled,
        u1_0.name,
        u1_0.password,
        u1_0.role 
    from
        users u1_0 
    where
        u1_0.email=?
2025-12-07T00:59:30.765+05:30 DEBUG 544 --- [catchy] [nio-8080-exec-4] org.hibernate.SQL                        : 
    select
        u1_0.id,
        u1_0.email,
        u1_0.enabled,
        u1_0.name,
        u1_0.password,
        u1_0.role 
    from
        users u1_0 
    where
        u1_0.email=?
Hibernate: 
    select
        u1_0.id,
        u1_0.email,
        u1_0.enabled,
        u1_0.name,
        u1_0.password,
        u1_0.role 
    from
        users u1_0 
    where
        u1_0.email=?
2025-12-07T00:59:30.773+05:30 DEBUG 544 --- [catchy] [nio-8080-exec-4] org.hibernate.SQL                        : 
    select
        u1_0.id,
        u1_0.email,
        u1_0.enabled,
        u1_0.name,
        u1_0.password,
        u1_0.role 
    from
        users u1_0 
    where
        u1_0.email=?
Hibernate: 
    select
        u1_0.id,
        u1_0.email,
        u1_0.enabled,
        u1_0.name,
        u1_0.password,
        u1_0.role 
    from
        users u1_0 
    where
        u1_0.email=?
2025-12-07T00:59:30.776+05:30 DEBUG 544 --- [catchy] [nio-8080-exec-1] org.hibernate.SQL                        : 
    select
        u1_0.id,
        u1_0.email,
        u1_0.enabled,
        u1_0.name,
        u1_0.password,
        u1_0.role 
    from
        users u1_0 
    where
        u1_0.email=?
Hibernate: 
    select
        u1_0.id,
        u1_0.email,
        u1_0.enabled,
        u1_0.name,
        u1_0.password,
        u1_0.role 
    from
        users u1_0 
    where
        u1_0.email=?
2025-12-07T00:59:30.782+05:30 DEBUG 544 --- [catchy] [nio-8080-exec-4] org.hibernate.SQL                        : 
    select
        ci1_0.id,
        ci1_0.product_id,
        ci1_0.quantity,
        ci1_0.user_id 
    from
        cart_items ci1_0 
    where
        ci1_0.user_id=?
Hibernate: 
    select
        ci1_0.id,
        ci1_0.product_id,
        ci1_0.quantity,
        ci1_0.user_id 
    from
        cart_items ci1_0 
    where
        ci1_0.user_id=?
2025-12-07T00:59:30.784+05:30 DEBUG 544 --- [catchy] [nio-8080-exec-1] org.hibernate.SQL                        : 
    select
        wi1_0.id,
        wi1_0.added_at,
        wi1_0.product_id,
        wi1_0.user_id 
    from
        wishlist_items wi1_0 
    where
        wi1_0.user_id=?
Hibernate: 
    select
        wi1_0.id,
        wi1_0.added_at,
        wi1_0.product_id,
        wi1_0.user_id 
    from
        wishlist_items wi1_0 
    where
        wi1_0.user_id=?
2025-12-07T00:59:30.800+05:30 DEBUG 544 --- [catchy] [nio-8080-exec-5] org.hibernate.SQL                        : 
    select
        u1_0.id,
        u1_0.email,
        u1_0.enabled,
        u1_0.name,
        u1_0.password,
        u1_0.role 
    from
        users u1_0 
    where
        u1_0.email=?
Hibernate: 
    select
        u1_0.id,
        u1_0.email,
        u1_0.enabled,
        u1_0.name,
        u1_0.password,
        u1_0.role 
    from
        users u1_0 
    where
        u1_0.email=?
2025-12-07T00:59:30.806+05:30 DEBUG 544 --- [catchy] [nio-8080-exec-5] org.hibernate.SQL                        : 
    select
        u1_0.id,
        u1_0.email,
        u1_0.enabled,
        u1_0.name,
        u1_0.password,
        u1_0.role 
    from
        users u1_0 
    where
        u1_0.email=?
Hibernate: 
    select
        u1_0.id,
        u1_0.email,
        u1_0.enabled,
        u1_0.name,
        u1_0.password,
        u1_0.role 
    from
        users u1_0 
    where
        u1_0.email=?
2025-12-07T00:59:30.812+05:30 DEBUG 544 --- [catchy] [nio-8080-exec-5] org.hibernate.SQL                        : 
    select
        wi1_0.id,
        wi1_0.added_at,
        wi1_0.product_id,
        wi1_0.user_id 
    from
        wishlist_items wi1_0 
    where
        wi1_0.user_id=?
Hibernate: 
    select
        wi1_0.id,
        wi1_0.added_at,
        wi1_0.product_id,
        wi1_0.user_id 
    from
        wishlist_items wi1_0 
    where
        wi1_0.user_id=?
2025-12-07T00:59:32.744+05:30 DEBUG 544 --- [catchy] [nio-8080-exec-2] org.hibernate.SQL                        : 
    select
        u1_0.id,
        u1_0.email,
        u1_0.enabled,
        u1_0.name,
        u1_0.password,
        u1_0.role 
    from
        users u1_0 
    where
        u1_0.email=?
Hibernate: 
    select
        u1_0.id,
        u1_0.email,
        u1_0.enabled,
        u1_0.name,
        u1_0.password,
        u1_0.role 
    from
        users u1_0 
    where
        u1_0.email=?
2025-12-07T00:59:34.219+05:30 DEBUG 544 --- [catchy] [nio-8080-exec-8] org.hibernate.SQL                        : 
    select
        u1_0.id,
        u1_0.email,
        u1_0.enabled,
        u1_0.name,
        u1_0.password,
        u1_0.role 
    from
        users u1_0 
    where
        u1_0.email=?
Hibernate: 
    select
        u1_0.id,
        u1_0.email,
        u1_0.enabled,
        u1_0.name,
        u1_0.password,
        u1_0.role 
    from
        users u1_0 
    where
        u1_0.email=?
2025-12-07T00:59:34.281+05:30 DEBUG 544 --- [catchy] [nio-8080-exec-9] org.hibernate.SQL                        : 
    select
        u1_0.id,
        u1_0.email,
        u1_0.enabled,
        u1_0.name,
        u1_0.password,
        u1_0.role 
    from
        users u1_0 
    where
        u1_0.email=?
Hibernate: 
    select
        u1_0.id,
        u1_0.email,
        u1_0.enabled,
        u1_0.name,
        u1_0.password,
        u1_0.role 
    from
        users u1_0 
    where
        u1_0.email=?
2025-12-07T00:59:34.434+05:30 DEBUG 544 --- [catchy] [nio-8080-exec-7] org.hibernate.SQL                        : 
    select
        u1_0.id,
        u1_0.email,
        u1_0.enabled,
        u1_0.name,
        u1_0.password,
        u1_0.role 
    from
        users u1_0 
    where
        u1_0.email=?
Hibernate: 
    select
        u1_0.id,
        u1_0.email,
        u1_0.enabled,
        u1_0.name,
        u1_0.password,
        u1_0.role 
    from
        users u1_0 
    where
        u1_0.email=?
2025-12-07T00:59:45.252+05:30 DEBUG 544 --- [catchy] [nio-8080-exec-3] org.hibernate.SQL                        : 
    select
        u1_0.id,
        u1_0.email,
        u1_0.enabled,
        u1_0.name,
        u1_0.password,
        u1_0.role 
    from
        users u1_0 
    where
        u1_0.email=?
Hibernate: 
    select
        u1_0.id,
        u1_0.email,
        u1_0.enabled,
        u1_0.name,
        u1_0.password,
        u1_0.role 
    from
        users u1_0 
    where
        u1_0.email=?
2025-12-07T00:59:45.315+05:30 DEBUG 544 --- [catchy] [io-8080-exec-10] org.hibernate.SQL                        : 
    select
        u1_0.id,
        u1_0.email,
        u1_0.enabled,
        u1_0.name,
        u1_0.password,
        u1_0.role 
    from
        users u1_0 
    where
        u1_0.email=?
Hibernate: 
    select
        u1_0.id,
        u1_0.email,
        u1_0.enabled,
        u1_0.name,
        u1_0.password,
        u1_0.role 
    from
        users u1_0 
    where
        u1_0.email=?
2025-12-07T00:59:45.318+05:30 DEBUG 544 --- [catchy] [nio-8080-exec-6] org.hibernate.SQL                        : 
    select
        u1_0.id,
        u1_0.email,
        u1_0.enabled,
        u1_0.name,
        u1_0.password,
        u1_0.role 
    from
        users u1_0 
    where
        u1_0.email=?
Hibernate: 
    select
        u1_0.id,
        u1_0.email,
        u1_0.enabled,
        u1_0.name,
        u1_0.password,
        u1_0.role 
    from
        users u1_0 
    where
        u1_0.email=?
2025-12-07T00:59:45.343+05:30 DEBUG 544 --- [catchy] [nio-8080-exec-1] org.hibernate.SQL                        : 
    select
        u1_0.id,
        u1_0.email,
        u1_0.enabled,
        u1_0.name,
        u1_0.password,
        u1_0.role 
    from
        users u1_0 
    where
        u1_0.email=?
Hibernate: 
    select
        u1_0.id,
        u1_0.email,
        u1_0.enabled,
        u1_0.name,
        u1_0.password,
        u1_0.role 
    from
        users u1_0 
    where
        u1_0.email=?
2025-12-07T00:59:45.343+05:30 DEBUG 544 --- [catchy] [nio-8080-exec-4] org.hibernate.SQL                        : 
    select
        u1_0.id,
        u1_0.email,
        u1_0.enabled,
        u1_0.name,
        u1_0.password,
        u1_0.role 
    from
        users u1_0 
    where
        u1_0.email=?
Hibernate: 
    select
        u1_0.id,
        u1_0.email,
        u1_0.enabled,
        u1_0.name,
        u1_0.password,
        u1_0.role 
    from
        users u1_0 
    where
        u1_0.email=?
2025-12-07T00:59:45.353+05:30 DEBUG 544 --- [catchy] [nio-8080-exec-4] org.hibernate.SQL                        : 
    select
        u1_0.id,
        u1_0.email,
        u1_0.enabled,
        u1_0.name,
        u1_0.password,
        u1_0.role 
    from
        users u1_0 
    where
        u1_0.email=?
Hibernate: 
    select
        u1_0.id,
        u1_0.email,
        u1_0.enabled,
        u1_0.name,
        u1_0.password,
        u1_0.role 
    from
        users u1_0 
    where
        u1_0.email=?
2025-12-07T00:59:45.353+05:30 DEBUG 544 --- [catchy] [nio-8080-exec-1] org.hibernate.SQL                        : 
    select
        u1_0.id,
        u1_0.email,
        u1_0.enabled,
        u1_0.name,
        u1_0.password,
        u1_0.role 
    from
        users u1_0 
    where
        u1_0.email=?
Hibernate: 
    select
        u1_0.id,
        u1_0.email,
        u1_0.enabled,
        u1_0.name,
        u1_0.password,
        u1_0.role 
    from
        users u1_0 
    where
        u1_0.email=?
2025-12-07T00:59:45.356+05:30 DEBUG 544 --- [catchy] [nio-8080-exec-1] org.hibernate.SQL                        : 
    select
        ci1_0.id,
        ci1_0.product_id,
        ci1_0.quantity,
        ci1_0.user_id 
    from
        cart_items ci1_0 
    where
        ci1_0.user_id=?
Hibernate: 
    select
        ci1_0.id,
        ci1_0.product_id,
        ci1_0.quantity,
        ci1_0.user_id 
    from
        cart_items ci1_0 
    where
        ci1_0.user_id=?
2025-12-07T00:59:45.356+05:30 DEBUG 544 --- [catchy] [nio-8080-exec-4] org.hibernate.SQL                        : 
    select
        wi1_0.id,
        wi1_0.added_at,
        wi1_0.product_id,
        wi1_0.user_id 
    from
        wishlist_items wi1_0 
    where
        wi1_0.user_id=?
Hibernate: 
    select
        wi1_0.id,
        wi1_0.added_at,
        wi1_0.product_id,
        wi1_0.user_id 
    from
        wishlist_items wi1_0 
    where
        wi1_0.user_id=?
2025-12-07T00:59:45.369+05:30 DEBUG 544 --- [catchy] [nio-8080-exec-5] org.hibernate.SQL                        : 
    select
        u1_0.id,
        u1_0.email,
        u1_0.enabled,
        u1_0.name,
        u1_0.password,
        u1_0.role 
    from
        users u1_0 
    where
        u1_0.email=?
Hibernate: 
    select
        u1_0.id,
        u1_0.email,
        u1_0.enabled,
        u1_0.name,
        u1_0.password,
        u1_0.role 
    from
        users u1_0 
    where
        u1_0.email=?
2025-12-07T00:59:45.378+05:30 DEBUG 544 --- [catchy] [nio-8080-exec-5] org.hibernate.SQL                        : 
    select
        u1_0.id,
        u1_0.email,
        u1_0.enabled,
        u1_0.name,
        u1_0.password,
        u1_0.role 
    from
        users u1_0 
    where
        u1_0.email=?
Hibernate: 
    select
        u1_0.id,
        u1_0.email,
        u1_0.enabled,
        u1_0.name,
        u1_0.password,
        u1_0.role 
    from
        users u1_0 
    where
        u1_0.email=?
2025-12-07T00:59:45.383+05:30 DEBUG 544 --- [catchy] [nio-8080-exec-5] org.hibernate.SQL                        : 
    select
        wi1_0.id,
        wi1_0.added_at,
        wi1_0.product_id,
        wi1_0.user_id 
    from
        wishlist_items wi1_0 
    where
        wi1_0.user_id=?
Hibernate: 
    select
        wi1_0.id,
        wi1_0.added_at,
        wi1_0.product_id,
        wi1_0.user_id 
    from
        wishlist_items wi1_0 
    where
        wi1_0.user_id=?
2025-12-07T00:59:45.463+05:30 DEBUG 544 --- [catchy] [nio-8080-exec-2] org.hibernate.SQL                        : 
    select
        u1_0.id,
        u1_0.email,
        u1_0.enabled,
        u1_0.name,
        u1_0.password,
        u1_0.role 
    from
        users u1_0 
    where
        u1_0.email=?
Hibernate: 
    select
        u1_0.id,
        u1_0.email,
        u1_0.enabled,
        u1_0.name,
        u1_0.password,
        u1_0.role 
    from
        users u1_0 
    where
        u1_0.email=?
2025-12-07T00:59:47.383+05:30 DEBUG 544 --- [catchy] [nio-8080-exec-8] org.hibernate.SQL                        : 
    select
        u1_0.id,
        u1_0.email,
        u1_0.enabled,
        u1_0.name,
        u1_0.password,
        u1_0.role 
    from
        users u1_0 
    where
        u1_0.email=?
Hibernate: 
    select
        u1_0.id,
        u1_0.email,
        u1_0.enabled,
        u1_0.name,
        u1_0.password,
        u1_0.role 
    from
        users u1_0 
    where
        u1_0.email=?
2025-12-07T00:59:47.449+05:30 DEBUG 544 --- [catchy] [nio-8080-exec-9] org.hibernate.SQL                        : 
    select
        u1_0.id,
        u1_0.email,
        u1_0.enabled,
        u1_0.name,
        u1_0.password,
        u1_0.role 
    from
        users u1_0 
    where
        u1_0.email=?
Hibernate: 
    select
        u1_0.id,
        u1_0.email,
        u1_0.enabled,
        u1_0.name,
        u1_0.password,
        u1_0.role 
    from
        users u1_0 
    where
        u1_0.email=?
2025-12-07T00:59:47.450+05:30 DEBUG 544 --- [catchy] [nio-8080-exec-7] org.hibernate.SQL                        : 
    select
        u1_0.id,
        u1_0.email,
        u1_0.enabled,
        u1_0.name,
        u1_0.password,
        u1_0.role 
    from
        users u1_0 
    where
        u1_0.email=?
Hibernate: 
    select
        u1_0.id,
        u1_0.email,
        u1_0.enabled,
        u1_0.name,
        u1_0.password,
        u1_0.role 
    from
        users u1_0 
    where
        u1_0.email=?
2025-12-07T00:59:47.470+05:30 DEBUG 544 --- [catchy] [io-8080-exec-10] org.hibernate.SQL                        : 
    select
        u1_0.id,
        u1_0.email,
        u1_0.enabled,
        u1_0.name,
        u1_0.password,
        u1_0.role 
    from
        users u1_0 
    where
        u1_0.email=?
Hibernate: 
    select
        u1_0.id,
        u1_0.email,
        u1_0.enabled,
        u1_0.name,
        u1_0.password,
        u1_0.role 
    from
        users u1_0 
    where
        u1_0.email=?
2025-12-07T00:59:47.470+05:30 DEBUG 544 --- [catchy] [nio-8080-exec-3] org.hibernate.SQL                        : 
    select
        u1_0.id,
        u1_0.email,
        u1_0.enabled,
        u1_0.name,
        u1_0.password,
        u1_0.role 
    from
        users u1_0 
    where
        u1_0.email=?
Hibernate: 
    select
        u1_0.id,
        u1_0.email,
        u1_0.enabled,
        u1_0.name,
        u1_0.password,
        u1_0.role 
    from
        users u1_0 
    where
        u1_0.email=?
2025-12-07T00:59:47.476+05:30 DEBUG 544 --- [catchy] [nio-8080-exec-3] org.hibernate.SQL                        : 
    select
        u1_0.id,
        u1_0.email,
        u1_0.enabled,
        u1_0.name,
        u1_0.password,
        u1_0.role 
    from
        users u1_0 
    where
        u1_0.email=?
Hibernate: 
    select
        u1_0.id,
        u1_0.email,
        u1_0.enabled,
        u1_0.name,
        u1_0.password,
        u1_0.role 
    from
        users u1_0 
    where
        u1_0.email=?
2025-12-07T00:59:47.476+05:30 DEBUG 544 --- [catchy] [io-8080-exec-10] org.hibernate.SQL                        : 
    select
        u1_0.id,
        u1_0.email,
        u1_0.enabled,
        u1_0.name,
        u1_0.password,
        u1_0.role 
    from
        users u1_0 
    where
        u1_0.email=?
Hibernate: 
    select
        u1_0.id,
        u1_0.email,
        u1_0.enabled,
        u1_0.name,
        u1_0.password,
        u1_0.role 
    from
        users u1_0 
    where
        u1_0.email=?
2025-12-07T00:59:47.479+05:30 DEBUG 544 --- [catchy] [nio-8080-exec-3] org.hibernate.SQL                        : 
    select
        ci1_0.id,
        ci1_0.product_id,
        ci1_0.quantity,
        ci1_0.user_id 
    from
        cart_items ci1_0 
    where
        ci1_0.user_id=?
Hibernate: 
    select
        ci1_0.id,
        ci1_0.product_id,
        ci1_0.quantity,
        ci1_0.user_id 
    from
        cart_items ci1_0 
    where
        ci1_0.user_id=?
2025-12-07T00:59:47.479+05:30 DEBUG 544 --- [catchy] [io-8080-exec-10] org.hibernate.SQL                        : 
    select
        wi1_0.id,
        wi1_0.added_at,
        wi1_0.product_id,
        wi1_0.user_id 
    from
        wishlist_items wi1_0 
    where
        wi1_0.user_id=?
Hibernate: 
    select
        wi1_0.id,
        wi1_0.added_at,
        wi1_0.product_id,
        wi1_0.user_id 
    from
        wishlist_items wi1_0 
    where
        wi1_0.user_id=?
2025-12-07T00:59:47.487+05:30 DEBUG 544 --- [catchy] [nio-8080-exec-6] org.hibernate.SQL                        : 
    select
        u1_0.id,
        u1_0.email,
        u1_0.enabled,
        u1_0.name,
        u1_0.password,
        u1_0.role 
    from
        users u1_0 
    where
        u1_0.email=?
Hibernate: 
    select
        u1_0.id,
        u1_0.email,
        u1_0.enabled,
        u1_0.name,
        u1_0.password,
        u1_0.role 
    from
        users u1_0 
    where
        u1_0.email=?
2025-12-07T00:59:47.497+05:30 DEBUG 544 --- [catchy] [nio-8080-exec-6] org.hibernate.SQL                        : 
    select
        u1_0.id,
        u1_0.email,
        u1_0.enabled,
        u1_0.name,
        u1_0.password,
        u1_0.role 
    from
        users u1_0 
    where
        u1_0.email=?
Hibernate: 
    select
        u1_0.id,
        u1_0.email,
        u1_0.enabled,
        u1_0.name,
        u1_0.password,
        u1_0.role 
    from
        users u1_0 
    where
        u1_0.email=?
2025-12-07T00:59:47.505+05:30 DEBUG 544 --- [catchy] [nio-8080-exec-6] org.hibernate.SQL                        : 
    select
        wi1_0.id,
        wi1_0.added_at,
        wi1_0.product_id,
        wi1_0.user_id 
    from
        wishlist_items wi1_0 
    where
        wi1_0.user_id=?
Hibernate: 
    select
        wi1_0.id,
        wi1_0.added_at,
        wi1_0.product_id,
        wi1_0.user_id 
    from
        wishlist_items wi1_0 
    where
        wi1_0.user_id=?
2025-12-07T00:59:47.619+05:30 DEBUG 544 --- [catchy] [nio-8080-exec-1] org.hibernate.SQL                        : 
    select
        u1_0.id,
        u1_0.email,
        u1_0.enabled,
        u1_0.name,
        u1_0.password,
        u1_0.role 
    from
        users u1_0 
    where
        u1_0.email=?
Hibernate: 
    select
        u1_0.id,
        u1_0.email,
        u1_0.enabled,
        u1_0.name,
        u1_0.password,
        u1_0.role 
    from
        users u1_0 
    where
        u1_0.email=?
2025-12-07T00:59:55.476+05:30 DEBUG 544 --- [catchy] [nio-8080-exec-4] org.hibernate.SQL                        : 
    select
        u1_0.id,
        u1_0.email,
        u1_0.enabled,
        u1_0.name,
        u1_0.password,
        u1_0.role 
    from
        users u1_0 
    where
        u1_0.email=?
Hibernate: 
    select
        u1_0.id,
        u1_0.email,
        u1_0.enabled,
        u1_0.name,
        u1_0.password,
        u1_0.role 
    from
        users u1_0 
    where
        u1_0.email=?
2025-12-07T00:59:55.531+05:30 DEBUG 544 --- [catchy] [nio-8080-exec-4] org.hibernate.SQL                        : 
    select
        u1_0.id,
        u1_0.email,
        u1_0.enabled,
        u1_0.name,
        u1_0.password,
        u1_0.role 
    from
        users u1_0 
    where
        u1_0.email=?
Hibernate: 
    select
        u1_0.id,
        u1_0.email,
        u1_0.enabled,
        u1_0.name,
        u1_0.password,
        u1_0.role 
    from
        users u1_0 
    where
        u1_0.email=?
2025-12-07T00:59:55.732+05:30 DEBUG 544 --- [catchy] [nio-8080-exec-4] org.hibernate.SQL                        : 
    select
        u1_0.id,
        u1_0.email,
        u1_0.enabled,
        u1_0.name,
        u1_0.password,
        u1_0.role 
    from
        users u1_0 
    where
        u1_0.email=?
Hibernate: 
    select
        u1_0.id,
        u1_0.email,
        u1_0.enabled,
        u1_0.name,
        u1_0.password,
        u1_0.role 
    from
        users u1_0 
    where
        u1_0.email=?
2025-12-07T00:59:55.747+05:30 DEBUG 544 --- [catchy] [nio-8080-exec-4] org.hibernate.SQL                        : 
    select
        u1_0.id,
        u1_0.email,
        u1_0.enabled,
        u1_0.name,
        u1_0.password,
        u1_0.role 
    from
        users u1_0 
    where
        u1_0.email=?
Hibernate: 
    select
        u1_0.id,
        u1_0.email,
        u1_0.enabled,
        u1_0.name,
        u1_0.password,
        u1_0.role 
    from
        users u1_0 
    where
        u1_0.email=?
2025-12-07T00:59:56.314+05:30 DEBUG 544 --- [catchy] [nio-8080-exec-5] org.hibernate.SQL                        : 
    select
        u1_0.id,
        u1_0.email,
        u1_0.enabled,
        u1_0.name,
        u1_0.password,
        u1_0.role 
    from
        users u1_0 
    where
        u1_0.email=?
Hibernate: 
    select
        u1_0.id,
        u1_0.email,
        u1_0.enabled,
        u1_0.name,
        u1_0.password,
        u1_0.role 
    from
        users u1_0 
    where
        u1_0.email=?
2025-12-07T00:59:56.337+05:30 DEBUG 544 --- [catchy] [nio-8080-exec-5] org.hibernate.SQL                        : 
    select
        u1_0.id,
        u1_0.email,
        u1_0.enabled,
        u1_0.name,
        u1_0.password,
        u1_0.role 
    from
        users u1_0 
    where
        u1_0.email=?
Hibernate: 
    select
        u1_0.id,
        u1_0.email,
        u1_0.enabled,
        u1_0.name,
        u1_0.password,
        u1_0.role 
    from
        users u1_0 
    where
        u1_0.email=?
2025-12-07T00:59:56.418+05:30 DEBUG 544 --- [catchy] [nio-8080-exec-2] org.hibernate.SQL                        : 
    select
        u1_0.id,
        u1_0.email,
        u1_0.enabled,
        u1_0.name,
        u1_0.password,
        u1_0.role 
    from
        users u1_0 
    where
        u1_0.email=?
Hibernate: 
    select
        u1_0.id,
        u1_0.email,
        u1_0.enabled,
        u1_0.name,
        u1_0.password,
        u1_0.role 
    from
        users u1_0 
    where
        u1_0.email=?
2025-12-07T00:59:56.420+05:30 DEBUG 544 --- [catchy] [nio-8080-exec-8] org.hibernate.SQL                        : 
    select
        u1_0.id,
        u1_0.email,
        u1_0.enabled,
        u1_0.name,
        u1_0.password,
        u1_0.role 
    from
        users u1_0 
    where
        u1_0.email=?
Hibernate: 
    select
        u1_0.id,
        u1_0.email,
        u1_0.enabled,
        u1_0.name,
        u1_0.password,
        u1_0.role 
    from
        users u1_0 
    where
        u1_0.email=?
2025-12-07T00:59:56.438+05:30 DEBUG 544 --- [catchy] [io-8080-exec-10] org.hibernate.SQL                        : 
    select
        u1_0.id,
        u1_0.email,
        u1_0.enabled,
        u1_0.name,
        u1_0.password,
        u1_0.role 
    from
        users u1_0 
    where
        u1_0.email=?
2025-12-07T00:59:56.438+05:30 DEBUG 544 --- [catchy] [nio-8080-exec-7] org.hibernate.SQL                        : 
    select
        u1_0.id,
        u1_0.email,
        u1_0.enabled,
        u1_0.name,
        u1_0.password,
        u1_0.role 
    from
        users u1_0 
    where
        u1_0.email=?
Hibernate: 
    select
        u1_0.id,
        u1_0.email,
        u1_0.enabled,
        u1_0.name,
        u1_0.password,
        u1_0.role 
    from
        users u1_0 
    where
        u1_0.email=?
Hibernate: 
    select
        u1_0.id,
        u1_0.email,
        u1_0.enabled,
        u1_0.name,
        u1_0.password,
        u1_0.role 
    from
        users u1_0 
    where
        u1_0.email=?
2025-12-07T00:59:56.438+05:30 DEBUG 544 --- [catchy] [nio-8080-exec-9] org.hibernate.SQL                        : 
    select
        u1_0.id,
        u1_0.email,
        u1_0.enabled,
        u1_0.name,
        u1_0.password,
        u1_0.role 
    from
        users u1_0 
    where
        u1_0.email=?
Hibernate: 
    select
        u1_0.id,
        u1_0.email,
        u1_0.enabled,
        u1_0.name,
        u1_0.password,
        u1_0.role 
    from
        users u1_0 
    where
        u1_0.email=?
2025-12-07T00:59:56.443+05:30 DEBUG 544 --- [catchy] [nio-8080-exec-9] org.hibernate.SQL                        : 
    select
        u1_0.id,
        u1_0.email,
        u1_0.enabled,
        u1_0.name,
        u1_0.password,
        u1_0.role 
    from
        users u1_0 
    where
        u1_0.email=?
Hibernate: 
    select
        u1_0.id,
        u1_0.email,
        u1_0.enabled,
        u1_0.name,
        u1_0.password,
        u1_0.role 
    from
        users u1_0 
    where
        u1_0.email=?
2025-12-07T00:59:56.443+05:30 DEBUG 544 --- [catchy] [nio-8080-exec-7] org.hibernate.SQL                        : 
    select
        u1_0.id,
        u1_0.email,
        u1_0.enabled,
        u1_0.name,
        u1_0.password,
        u1_0.role 
    from
        users u1_0 
    where
        u1_0.email=?
Hibernate: 
    select
        u1_0.id,
        u1_0.email,
        u1_0.enabled,
        u1_0.name,
        u1_0.password,
        u1_0.role 
    from
        users u1_0 
    where
        u1_0.email=?
2025-12-07T00:59:56.446+05:30 DEBUG 544 --- [catchy] [nio-8080-exec-9] org.hibernate.SQL                        : 
    select
        ci1_0.id,
        ci1_0.product_id,
        ci1_0.quantity,
        ci1_0.user_id 
    from
        cart_items ci1_0 
    where
        ci1_0.user_id=?
Hibernate: 
    select
        ci1_0.id,
        ci1_0.product_id,
        ci1_0.quantity,
        ci1_0.user_id 
    from
        cart_items ci1_0 
    where
        ci1_0.user_id=?
2025-12-07T00:59:56.446+05:30 DEBUG 544 --- [catchy] [nio-8080-exec-7] org.hibernate.SQL                        : 
    select
        wi1_0.id,
        wi1_0.added_at,
        wi1_0.product_id,
        wi1_0.user_id 
    from
        wishlist_items wi1_0 
    where
        wi1_0.user_id=?
Hibernate: 
    select
        wi1_0.id,
        wi1_0.added_at,
        wi1_0.product_id,
        wi1_0.user_id 
    from
        wishlist_items wi1_0 
    where
        wi1_0.user_id=?
2025-12-07T00:59:56.456+05:30 DEBUG 544 --- [catchy] [nio-8080-exec-3] org.hibernate.SQL                        : 
    select
        u1_0.id,
        u1_0.email,
        u1_0.enabled,
        u1_0.name,
        u1_0.password,
        u1_0.role 
    from
        users u1_0 
    where
        u1_0.email=?
Hibernate: 
    select
        u1_0.id,
        u1_0.email,
        u1_0.enabled,
        u1_0.name,
        u1_0.password,
        u1_0.role 
    from
        users u1_0 
    where
        u1_0.email=?
2025-12-07T00:59:56.456+05:30 DEBUG 544 --- [catchy] [nio-8080-exec-6] org.hibernate.SQL                        : 
    select
        u1_0.id,
        u1_0.email,
        u1_0.enabled,
        u1_0.name,
        u1_0.password,
        u1_0.role 
    from
        users u1_0 
    where
        u1_0.email=?
Hibernate: 
    select
        u1_0.id,
        u1_0.email,
        u1_0.enabled,
        u1_0.name,
        u1_0.password,
        u1_0.role 
    from
        users u1_0 
    where
        u1_0.email=?
2025-12-07T00:59:56.461+05:30 DEBUG 544 --- [catchy] [nio-8080-exec-6] org.hibernate.SQL                        : 
    select
        u1_0.id,
        u1_0.email,
        u1_0.enabled,
        u1_0.name,
        u1_0.password,
        u1_0.role 
    from
        users u1_0 
    where
        u1_0.email=?
Hibernate: 
    select
        u1_0.id,
        u1_0.email,
        u1_0.enabled,
        u1_0.name,
        u1_0.password,
        u1_0.role 
    from
        users u1_0 
    where
        u1_0.email=?
2025-12-07T00:59:56.461+05:30 DEBUG 544 --- [catchy] [io-8080-exec-10] org.hibernate.SQL                        : 
    select
        p1_0.id,
        p1_0.category,
        p1_0.description,
        p1_0.image_url,
        p1_0.name,
        p1_0.price,
        p1_0.stock 
    from
        products p1_0
Hibernate: 
    select
        p1_0.id,
        p1_0.category,
        p1_0.description,
        p1_0.image_url,
        p1_0.name,
        p1_0.price,
        p1_0.stock 
    from
        products p1_0
2025-12-07T00:59:56.461+05:30 DEBUG 544 --- [catchy] [nio-8080-exec-3] org.hibernate.SQL                        : 
    select
        u1_0.id,
        u1_0.email,
        u1_0.enabled,
        u1_0.name,
        u1_0.password,
        u1_0.role 
    from
        users u1_0 
    where
        u1_0.email=?
Hibernate: 
    select
        u1_0.id,
        u1_0.email,
        u1_0.enabled,
        u1_0.name,
        u1_0.password,
        u1_0.role 
    from
        users u1_0 
    where
        u1_0.email=?
2025-12-07T00:59:56.464+05:30 DEBUG 544 --- [catchy] [nio-8080-exec-3] org.hibernate.SQL                        : 
    select
        wi1_0.id,
        wi1_0.added_at,
        wi1_0.product_id,
        wi1_0.user_id 
    from
        wishlist_items wi1_0 
    where
        wi1_0.user_id=?
Hibernate: 
    select
        wi1_0.id,
        wi1_0.added_at,
        wi1_0.product_id,
        wi1_0.user_id 
    from
        wishlist_items wi1_0 
    where
        wi1_0.user_id=?
2025-12-07T00:59:56.464+05:30 DEBUG 544 --- [catchy] [nio-8080-exec-6] org.hibernate.SQL                        : 
    select
        ci1_0.id,
        ci1_0.product_id,
        ci1_0.quantity,
        ci1_0.user_id 
    from
        cart_items ci1_0 
    where
        ci1_0.user_id=?
Hibernate: 
    select
        ci1_0.id,
        ci1_0.product_id,
        ci1_0.quantity,
        ci1_0.user_id 
    from
        cart_items ci1_0 
    where
        ci1_0.user_id=?
2025-12-07T00:59:56.478+05:30 DEBUG 544 --- [catchy] [nio-8080-exec-1] org.hibernate.SQL                        : 
    select
        u1_0.id,
        u1_0.email,
        u1_0.enabled,
        u1_0.name,
        u1_0.password,
        u1_0.role 
    from
        users u1_0 
    where
        u1_0.email=?
Hibernate: 
    select
        u1_0.id,
        u1_0.email,
        u1_0.enabled,
        u1_0.name,
        u1_0.password,
        u1_0.role 
    from
        users u1_0 
    where
        u1_0.email=?
2025-12-07T00:59:56.489+05:30 DEBUG 544 --- [catchy] [nio-8080-exec-1] org.hibernate.SQL                        : 
    select
        u1_0.id,
        u1_0.email,
        u1_0.enabled,
        u1_0.name,
        u1_0.password,
        u1_0.role 
    from
        users u1_0 
    where
        u1_0.email=?
Hibernate: 
    select
        u1_0.id,
        u1_0.email,
        u1_0.enabled,
        u1_0.name,
        u1_0.password,
        u1_0.role 
    from
        users u1_0 
    where
        u1_0.email=?
2025-12-07T00:59:56.497+05:30 DEBUG 544 --- [catchy] [nio-8080-exec-1] org.hibernate.SQL                        : 
    select
        wi1_0.id,
        wi1_0.added_at,
        wi1_0.product_id,
        wi1_0.user_id 
    from
        wishlist_items wi1_0 
    where
        wi1_0.user_id=?
Hibernate: 
    select
        wi1_0.id,
        wi1_0.added_at,
        wi1_0.product_id,
        wi1_0.user_id 
    from
        wishlist_items wi1_0 
    where
        wi1_0.user_id=?
2025-12-07T00:59:56.641+05:30 DEBUG 544 --- [catchy] [nio-8080-exec-4] org.hibernate.SQL                        : 
    select
        u1_0.id,
        u1_0.email,
        u1_0.enabled,
        u1_0.name,
        u1_0.password,
        u1_0.role 
    from
        users u1_0 
    where
        u1_0.email=?
Hibernate: 
    select
        u1_0.id,
        u1_0.email,
        u1_0.enabled,
        u1_0.name,
        u1_0.password,
        u1_0.role 
    from
        users u1_0 
    where
        u1_0.email=?
2025-12-07T01:00:02.911+05:30 DEBUG 544 --- [catchy] [nio-8080-exec-5] org.hibernate.SQL                        : 
    select
        u1_0.id,
        u1_0.email,
        u1_0.enabled,
        u1_0.name,
        u1_0.password,
        u1_0.role 
    from
        users u1_0 
    where
        u1_0.email=?
Hibernate: 
    select
        u1_0.id,
        u1_0.email,
        u1_0.enabled,
        u1_0.name,
        u1_0.password,
        u1_0.role 
    from
        users u1_0 
    where
        u1_0.email=?
2025-12-07T01:00:03.037+05:30 DEBUG 544 --- [catchy] [nio-8080-exec-2] org.hibernate.SQL                        : 
    select
        u1_0.id,
        u1_0.email,
        u1_0.enabled,
        u1_0.name,
        u1_0.password,
        u1_0.role 
    from
        users u1_0 
    where
        u1_0.email=?
Hibernate: 
    select
        u1_0.id,
        u1_0.email,
        u1_0.enabled,
        u1_0.name,
        u1_0.password,
        u1_0.role 
    from
        users u1_0 
    where
        u1_0.email=?
2025-12-07T01:00:03.055+05:30 DEBUG 544 --- [catchy] [nio-8080-exec-8] org.hibernate.SQL                        : 
    select
        u1_0.id,
        u1_0.email,
        u1_0.enabled,
        u1_0.name,
        u1_0.password,
        u1_0.role 
    from
        users u1_0 
    where
        u1_0.email=?
Hibernate: 
    select
        u1_0.id,
        u1_0.email,
        u1_0.enabled,
        u1_0.name,
        u1_0.password,
        u1_0.role 
    from
        users u1_0 
    where
        u1_0.email=?
2025-12-07T01:00:03.099+05:30 DEBUG 544 --- [catchy] [nio-8080-exec-8] org.hibernate.SQL                        : 
    select
        u1_0.id,
        u1_0.email,
        u1_0.enabled,
        u1_0.name,
        u1_0.password,
        u1_0.role 
    from
        users u1_0 
    where
        u1_0.email=?
Hibernate: 
    select
        u1_0.id,
        u1_0.email,
        u1_0.enabled,
        u1_0.name,
        u1_0.password,
        u1_0.role 
    from
        users u1_0 
    where
        u1_0.email=?
2025-12-07T01:00:03.164+05:30 DEBUG 544 --- [catchy] [nio-8080-exec-8] org.hibernate.SQL                        : 
    select
        wi1_0.id,
        wi1_0.added_at,
        wi1_0.product_id,
        wi1_0.user_id 
    from
        wishlist_items wi1_0 
    where
        wi1_0.user_id=? 
    limit
        ?
Hibernate: 
    select
        wi1_0.id,
        wi1_0.added_at,
        wi1_0.product_id,
        wi1_0.user_id 
    from
        wishlist_items wi1_0 
    where
        wi1_0.user_id=? 
    limit
        ?
2025-12-07T01:00:03.209+05:30 DEBUG 544 --- [catchy] [nio-8080-exec-9] org.hibernate.SQL                        : 
    select
        u1_0.id,
        u1_0.email,
        u1_0.enabled,
        u1_0.name,
        u1_0.password,
        u1_0.role 
    from
        users u1_0 
    where
        u1_0.email=?
Hibernate: 
    select
        u1_0.id,
        u1_0.email,
        u1_0.enabled,
        u1_0.name,
        u1_0.password,
        u1_0.role 
    from
        users u1_0 
    where
        u1_0.email=?
2025-12-07T01:00:03.229+05:30  WARN 544 --- [catchy] [nio-8080-exec-8] ration$PageModule$WarningLoggingModifier : Serializing PageImpl instances as-is is not supported, meaning that there is no guarantee about the stability of the resulting JSON structure!
	For a stable JSON structure, please use Spring Data's PagedModel (globally via @EnableSpringDataWebSupport(pageSerializationMode = VIA_DTO))
	or Spring HATEOAS and Spring Data's PagedResourcesAssembler as documented in https://docs.spring.io/spring-data/commons/reference/repositories/core-extensions.html#core.web.pageables.

2025-12-07T01:00:06.730+05:30 DEBUG 544 --- [catchy] [nio-8080-exec-7] org.hibernate.SQL                        : 
    select
        u1_0.id,
        u1_0.email,
        u1_0.enabled,
        u1_0.name,
        u1_0.password,
        u1_0.role 
    from
        users u1_0 
    where
        u1_0.email=?
Hibernate: 
    select
        u1_0.id,
        u1_0.email,
        u1_0.enabled,
        u1_0.name,
        u1_0.password,
        u1_0.role 
    from
        users u1_0 
    where
        u1_0.email=?
2025-12-07T01:00:06.793+05:30 DEBUG 544 --- [catchy] [nio-8080-exec-3] org.hibernate.SQL                        : 
    select
        u1_0.id,
        u1_0.email,
        u1_0.enabled,
        u1_0.name,
        u1_0.password,
        u1_0.role 
    from
        users u1_0 
    where
        u1_0.email=?
Hibernate: 
    select
        u1_0.id,
        u1_0.email,
        u1_0.enabled,
        u1_0.name,
        u1_0.password,
        u1_0.role 
    from
        users u1_0 
    where
        u1_0.email=?
2025-12-07T01:00:06.796+05:30 DEBUG 544 --- [catchy] [nio-8080-exec-6] org.hibernate.SQL                        : 
    select
        u1_0.id,
        u1_0.email,
        u1_0.enabled,
        u1_0.name,
        u1_0.password,
        u1_0.role 
    from
        users u1_0 
    where
        u1_0.email=?
Hibernate: 
    select
        u1_0.id,
        u1_0.email,
        u1_0.enabled,
        u1_0.name,
        u1_0.password,
        u1_0.role 
    from
        users u1_0 
    where
        u1_0.email=?
2025-12-07T01:00:06.826+05:30 DEBUG 544 --- [catchy] [nio-8080-exec-1] org.hibernate.SQL                        : 
    select
        u1_0.id,
        u1_0.email,
        u1_0.enabled,
        u1_0.name,
        u1_0.password,
        u1_0.role 
    from
        users u1_0 
    where
        u1_0.email=?
2025-12-07T01:00:06.826+05:30 DEBUG 544 --- [catchy] [io-8080-exec-10] org.hibernate.SQL                        : 
    select
        u1_0.id,
        u1_0.email,
        u1_0.enabled,
        u1_0.name,
        u1_0.password,
        u1_0.role 
    from
        users u1_0 
    where
        u1_0.email=?
Hibernate: 
    select
        u1_0.id,
        u1_0.email,
        u1_0.enabled,
        u1_0.name,
        u1_0.password,
        u1_0.role 
    from
        users u1_0 
    where
        u1_0.email=?
Hibernate: 
    select
        u1_0.id,
        u1_0.email,
        u1_0.enabled,
        u1_0.name,
        u1_0.password,
        u1_0.role 
    from
        users u1_0 
    where
        u1_0.email=?
2025-12-07T01:00:06.836+05:30 DEBUG 544 --- [catchy] [nio-8080-exec-1] org.hibernate.SQL                        : 
    select
        u1_0.id,
        u1_0.email,
        u1_0.enabled,
        u1_0.name,
        u1_0.password,
        u1_0.role 
    from
        users u1_0 
    where
        u1_0.email=?
Hibernate: 
    select
        u1_0.id,
        u1_0.email,
        u1_0.enabled,
        u1_0.name,
        u1_0.password,
        u1_0.role 
    from
        users u1_0 
    where
        u1_0.email=?
2025-12-07T01:00:06.836+05:30 DEBUG 544 --- [catchy] [io-8080-exec-10] org.hibernate.SQL                        : 
    select
        u1_0.id,
        u1_0.email,
        u1_0.enabled,
        u1_0.name,
        u1_0.password,
        u1_0.role 
    from
        users u1_0 
    where
        u1_0.email=?
Hibernate: 
    select
        u1_0.id,
        u1_0.email,
        u1_0.enabled,
        u1_0.name,
        u1_0.password,
        u1_0.role 
    from
        users u1_0 
    where
        u1_0.email=?
2025-12-07T01:00:06.843+05:30 DEBUG 544 --- [catchy] [io-8080-exec-10] org.hibernate.SQL                        : 
    select
        ci1_0.id,
        ci1_0.product_id,
        ci1_0.quantity,
        ci1_0.user_id 
    from
        cart_items ci1_0 
    where
        ci1_0.user_id=?
Hibernate: 
    select
        ci1_0.id,
        ci1_0.product_id,
        ci1_0.quantity,
        ci1_0.user_id 
    from
        cart_items ci1_0 
    where
        ci1_0.user_id=?
2025-12-07T01:00:06.843+05:30 DEBUG 544 --- [catchy] [nio-8080-exec-1] org.hibernate.SQL                        : 
    select
        wi1_0.id,
        wi1_0.added_at,
        wi1_0.product_id,
        wi1_0.user_id 
    from
        wishlist_items wi1_0 
    where
        wi1_0.user_id=?
Hibernate: 
    select
        wi1_0.id,
        wi1_0.added_at,
        wi1_0.product_id,
        wi1_0.user_id 
    from
        wishlist_items wi1_0 
    where
        wi1_0.user_id=?
2025-12-07T01:00:06.854+05:30 DEBUG 544 --- [catchy] [nio-8080-exec-4] org.hibernate.SQL                        : 
    select
        u1_0.id,
        u1_0.email,
        u1_0.enabled,
        u1_0.name,
        u1_0.password,
        u1_0.role 
    from
        users u1_0 
    where
        u1_0.email=?
Hibernate: 
    select
        u1_0.id,
        u1_0.email,
        u1_0.enabled,
        u1_0.name,
        u1_0.password,
        u1_0.role 
    from
        users u1_0 
    where
        u1_0.email=?
2025-12-07T01:00:06.866+05:30 DEBUG 544 --- [catchy] [nio-8080-exec-4] org.hibernate.SQL                        : 
    select
        u1_0.id,
        u1_0.email,
        u1_0.enabled,
        u1_0.name,
        u1_0.password,
        u1_0.role 
    from
        users u1_0 
    where
        u1_0.email=?
Hibernate: 
    select
        u1_0.id,
        u1_0.email,
        u1_0.enabled,
        u1_0.name,
        u1_0.password,
        u1_0.role 
    from
        users u1_0 
    where
        u1_0.email=?
2025-12-07T01:00:06.871+05:30 DEBUG 544 --- [catchy] [nio-8080-exec-4] org.hibernate.SQL                        : 
    select
        wi1_0.id,
        wi1_0.added_at,
        wi1_0.product_id,
        wi1_0.user_id 
    from
        wishlist_items wi1_0 
    where
        wi1_0.user_id=?
Hibernate: 
    select
        wi1_0.id,
        wi1_0.added_at,
        wi1_0.product_id,
        wi1_0.user_id 
    from
        wishlist_items wi1_0 
    where
        wi1_0.user_id=?
2025-12-07T01:00:06.970+05:30 DEBUG 544 --- [catchy] [nio-8080-exec-5] org.hibernate.SQL                        : 
    select
        u1_0.id,
        u1_0.email,
        u1_0.enabled,
        u1_0.name,
        u1_0.password,
        u1_0.role 
    from
        users u1_0 
    where
        u1_0.email=?
Hibernate: 
    select
        u1_0.id,
        u1_0.email,
        u1_0.enabled,
        u1_0.name,
        u1_0.password,
        u1_0.role 
    from
        users u1_0 
    where
        u1_0.email=?
2025-12-07T01:00:08.976+05:30 DEBUG 544 --- [catchy] [nio-8080-exec-2] org.hibernate.SQL                        : 
    select
        u1_0.id,
        u1_0.email,
        u1_0.enabled,
        u1_0.name,
        u1_0.password,
        u1_0.role 
    from
        users u1_0 
    where
        u1_0.email=?
Hibernate: 
    select
        u1_0.id,
        u1_0.email,
        u1_0.enabled,
        u1_0.name,
        u1_0.password,
        u1_0.role 
    from
        users u1_0 
    where
        u1_0.email=?
2025-12-07T01:00:09.044+05:30 DEBUG 544 --- [catchy] [nio-8080-exec-9] org.hibernate.SQL                        : 
    select
        u1_0.id,
        u1_0.email,
        u1_0.enabled,
        u1_0.name,
        u1_0.password,
        u1_0.role 
    from
        users u1_0 
    where
        u1_0.email=?
Hibernate: 
    select
        u1_0.id,
        u1_0.email,
        u1_0.enabled,
        u1_0.name,
        u1_0.password,
        u1_0.role 
    from
        users u1_0 
    where
        u1_0.email=?
2025-12-07T01:00:09.048+05:30 DEBUG 544 --- [catchy] [nio-8080-exec-8] org.hibernate.SQL                        : 
    select
        u1_0.id,
        u1_0.email,
        u1_0.enabled,
        u1_0.name,
        u1_0.password,
        u1_0.role 
    from
        users u1_0 
    where
        u1_0.email=?
Hibernate: 
    select
        u1_0.id,
        u1_0.email,
        u1_0.enabled,
        u1_0.name,
        u1_0.password,
        u1_0.role 
    from
        users u1_0 
    where
        u1_0.email=?
2025-12-07T01:00:09.066+05:30 DEBUG 544 --- [catchy] [nio-8080-exec-7] org.hibernate.SQL                        : 
    select
        u1_0.id,
        u1_0.email,
        u1_0.enabled,
        u1_0.name,
        u1_0.password,
        u1_0.role 
    from
        users u1_0 
    where
        u1_0.email=?
Hibernate: 
    select
        u1_0.id,
        u1_0.email,
        u1_0.enabled,
        u1_0.name,
        u1_0.password,
        u1_0.role 
    from
        users u1_0 
    where
        u1_0.email=?
2025-12-07T01:00:09.067+05:30 DEBUG 544 --- [catchy] [nio-8080-exec-3] org.hibernate.SQL                        : 
    select
        u1_0.id,
        u1_0.email,
        u1_0.enabled,
        u1_0.name,
        u1_0.password,
        u1_0.role 
    from
        users u1_0 
    where
        u1_0.email=?
Hibernate: 
    select
        u1_0.id,
        u1_0.email,
        u1_0.enabled,
        u1_0.name,
        u1_0.password,
        u1_0.role 
    from
        users u1_0 
    where
        u1_0.email=?
2025-12-07T01:00:09.072+05:30 DEBUG 544 --- [catchy] [nio-8080-exec-3] org.hibernate.SQL                        : 
    select
        u1_0.id,
        u1_0.email,
        u1_0.enabled,
        u1_0.name,
        u1_0.password,
        u1_0.role 
    from
        users u1_0 
    where
        u1_0.email=?
2025-12-07T01:00:09.072+05:30 DEBUG 544 --- [catchy] [nio-8080-exec-7] org.hibernate.SQL                        : 
    select
        u1_0.id,
        u1_0.email,
        u1_0.enabled,
        u1_0.name,
        u1_0.password,
        u1_0.role 
    from
        users u1_0 
    where
        u1_0.email=?
Hibernate: 
    select
        u1_0.id,
        u1_0.email,
        u1_0.enabled,
        u1_0.name,
        u1_0.password,
        u1_0.role 
    from
        users u1_0 
    where
        u1_0.email=?
Hibernate: 
    select
        u1_0.id,
        u1_0.email,
        u1_0.enabled,
        u1_0.name,
        u1_0.password,
        u1_0.role 
    from
        users u1_0 
    where
        u1_0.email=?
2025-12-07T01:00:09.075+05:30 DEBUG 544 --- [catchy] [nio-8080-exec-7] org.hibernate.SQL                        : 
    select
        ci1_0.id,
        ci1_0.product_id,
        ci1_0.quantity,
        ci1_0.user_id 
    from
        cart_items ci1_0 
    where
        ci1_0.user_id=?
Hibernate: 
    select
        ci1_0.id,
        ci1_0.product_id,
        ci1_0.quantity,
        ci1_0.user_id 
    from
        cart_items ci1_0 
    where
        ci1_0.user_id=?
2025-12-07T01:00:09.075+05:30 DEBUG 544 --- [catchy] [nio-8080-exec-3] org.hibernate.SQL                        : 
    select
        wi1_0.id,
        wi1_0.added_at,
        wi1_0.product_id,
        wi1_0.user_id 
    from
        wishlist_items wi1_0 
    where
        wi1_0.user_id=?
Hibernate: 
    select
        wi1_0.id,
        wi1_0.added_at,
        wi1_0.product_id,
        wi1_0.user_id 
    from
        wishlist_items wi1_0 
    where
        wi1_0.user_id=?
2025-12-07T01:00:09.082+05:30 DEBUG 544 --- [catchy] [nio-8080-exec-6] org.hibernate.SQL                        : 
    select
        u1_0.id,
        u1_0.email,
        u1_0.enabled,
        u1_0.name,
        u1_0.password,
        u1_0.role 
    from
        users u1_0 
    where
        u1_0.email=?
Hibernate: 
    select
        u1_0.id,
        u1_0.email,
        u1_0.enabled,
        u1_0.name,
        u1_0.password,
        u1_0.role 
    from
        users u1_0 
    where
        u1_0.email=?
2025-12-07T01:00:09.086+05:30 DEBUG 544 --- [catchy] [nio-8080-exec-6] org.hibernate.SQL                        : 
    select
        u1_0.id,
        u1_0.email,
        u1_0.enabled,
        u1_0.name,
        u1_0.password,
        u1_0.role 
    from
        users u1_0 
    where
        u1_0.email=?
Hibernate: 
    select
        u1_0.id,
        u1_0.email,
        u1_0.enabled,
        u1_0.name,
        u1_0.password,
        u1_0.role 
    from
        users u1_0 
    where
        u1_0.email=?
2025-12-07T01:00:09.091+05:30 DEBUG 544 --- [catchy] [nio-8080-exec-6] org.hibernate.SQL                        : 
    select
        wi1_0.id,
        wi1_0.added_at,
        wi1_0.product_id,
        wi1_0.user_id 
    from
        wishlist_items wi1_0 
    where
        wi1_0.user_id=?
Hibernate: 
    select
        wi1_0.id,
        wi1_0.added_at,
        wi1_0.product_id,
        wi1_0.user_id 
    from
        wishlist_items wi1_0 
    where
        wi1_0.user_id=?
2025-12-07T01:00:09.190+05:30 DEBUG 544 --- [catchy] [io-8080-exec-10] org.hibernate.SQL                        : 
    select
        u1_0.id,
        u1_0.email,
        u1_0.enabled,
        u1_0.name,
        u1_0.password,
        u1_0.role 
    from
        users u1_0 
    where
        u1_0.email=?
Hibernate: 
    select
        u1_0.id,
        u1_0.email,
        u1_0.enabled,
        u1_0.name,
        u1_0.password,
        u1_0.role 
    from
        users u1_0 
    where
        u1_0.email=?
2025-12-07T01:00:14.469+05:30 DEBUG 544 --- [catchy] [nio-8080-exec-1] org.hibernate.SQL                        : 
    select
        u1_0.id,
        u1_0.email,
        u1_0.enabled,
        u1_0.name,
        u1_0.password,
        u1_0.role 
    from
        users u1_0 
    where
        u1_0.email=?
Hibernate: 
    select
        u1_0.id,
        u1_0.email,
        u1_0.enabled,
        u1_0.name,
        u1_0.password,
        u1_0.role 
    from
        users u1_0 
    where
        u1_0.email=?
2025-12-07T01:00:14.529+05:30 DEBUG 544 --- [catchy] [nio-8080-exec-4] org.hibernate.SQL                        : 
    select
        u1_0.id,
        u1_0.email,
        u1_0.enabled,
        u1_0.name,
        u1_0.password,
        u1_0.role 
    from
        users u1_0 
    where
        u1_0.email=?
Hibernate: 
    select
        u1_0.id,
        u1_0.email,
        u1_0.enabled,
        u1_0.name,
        u1_0.password,
        u1_0.role 
    from
        users u1_0 
    where
        u1_0.email=?
2025-12-07T01:00:14.531+05:30 DEBUG 544 --- [catchy] [nio-8080-exec-5] org.hibernate.SQL                        : 
    select
        u1_0.id,
        u1_0.email,
        u1_0.enabled,
        u1_0.name,
        u1_0.password,
        u1_0.role 
    from
        users u1_0 
    where
        u1_0.email=?
Hibernate: 
    select
        u1_0.id,
        u1_0.email,
        u1_0.enabled,
        u1_0.name,
        u1_0.password,
        u1_0.role 
    from
        users u1_0 
    where
        u1_0.email=?
2025-12-07T01:00:14.548+05:30 DEBUG 544 --- [catchy] [nio-8080-exec-2] org.hibernate.SQL                        : 
    select
        u1_0.id,
        u1_0.email,
        u1_0.enabled,
        u1_0.name,
        u1_0.password,
        u1_0.role 
    from
        users u1_0 
    where
        u1_0.email=?
Hibernate: 
    select
        u1_0.id,
        u1_0.email,
        u1_0.enabled,
        u1_0.name,
        u1_0.password,
        u1_0.role 
    from
        users u1_0 
    where
        u1_0.email=?
2025-12-07T01:00:14.548+05:30 DEBUG 544 --- [catchy] [nio-8080-exec-9] org.hibernate.SQL                        : 
    select
        u1_0.id,
        u1_0.email,
        u1_0.enabled,
        u1_0.name,
        u1_0.password,
        u1_0.role 
    from
        users u1_0 
    where
        u1_0.email=?
Hibernate: 
    select
        u1_0.id,
        u1_0.email,
        u1_0.enabled,
        u1_0.name,
        u1_0.password,
        u1_0.role 
    from
        users u1_0 
    where
        u1_0.email=?
2025-12-07T01:00:14.552+05:30 DEBUG 544 --- [catchy] [nio-8080-exec-2] org.hibernate.SQL                        : 
    select
        u1_0.id,
        u1_0.email,
        u1_0.enabled,
        u1_0.name,
        u1_0.password,
        u1_0.role 
    from
        users u1_0 
    where
        u1_0.email=?
Hibernate: 
    select
        u1_0.id,
        u1_0.email,
        u1_0.enabled,
        u1_0.name,
        u1_0.password,
        u1_0.role 
    from
        users u1_0 
    where
        u1_0.email=?
2025-12-07T01:00:14.552+05:30 DEBUG 544 --- [catchy] [nio-8080-exec-9] org.hibernate.SQL                        : 
    select
        u1_0.id,
        u1_0.email,
        u1_0.enabled,
        u1_0.name,
        u1_0.password,
        u1_0.role 
    from
        users u1_0 
    where
        u1_0.email=?
Hibernate: 
    select
        u1_0.id,
        u1_0.email,
        u1_0.enabled,
        u1_0.name,
        u1_0.password,
        u1_0.role 
    from
        users u1_0 
    where
        u1_0.email=?
2025-12-07T01:00:14.555+05:30 DEBUG 544 --- [catchy] [nio-8080-exec-2] org.hibernate.SQL                        : 
    select
        ci1_0.id,
        ci1_0.product_id,
        ci1_0.quantity,
        ci1_0.user_id 
    from
        cart_items ci1_0 
    where
        ci1_0.user_id=?
Hibernate: 
    select
        ci1_0.id,
        ci1_0.product_id,
        ci1_0.quantity,
        ci1_0.user_id 
    from
        cart_items ci1_0 
    where
        ci1_0.user_id=?
2025-12-07T01:00:14.555+05:30 DEBUG 544 --- [catchy] [nio-8080-exec-9] org.hibernate.SQL                        : 
    select
        wi1_0.id,
        wi1_0.added_at,
        wi1_0.product_id,
        wi1_0.user_id 
    from
        wishlist_items wi1_0 
    where
        wi1_0.user_id=?
Hibernate: 
    select
        wi1_0.id,
        wi1_0.added_at,
        wi1_0.product_id,
        wi1_0.user_id 
    from
        wishlist_items wi1_0 
    where
        wi1_0.user_id=?
2025-12-07T01:00:14.561+05:30 DEBUG 544 --- [catchy] [nio-8080-exec-8] org.hibernate.SQL                        : 
    select
        u1_0.id,
        u1_0.email,
        u1_0.enabled,
        u1_0.name,
        u1_0.password,
        u1_0.role 
    from
        users u1_0 
    where
        u1_0.email=?
Hibernate: 
    select
        u1_0.id,
        u1_0.email,
        u1_0.enabled,
        u1_0.name,
        u1_0.password,
        u1_0.role 
    from
        users u1_0 
    where
        u1_0.email=?
2025-12-07T01:00:14.565+05:30 DEBUG 544 --- [catchy] [nio-8080-exec-8] org.hibernate.SQL                        : 
    select
        u1_0.id,
        u1_0.email,
        u1_0.enabled,
        u1_0.name,
        u1_0.password,
        u1_0.role 
    from
        users u1_0 
    where
        u1_0.email=?
Hibernate: 
    select
        u1_0.id,
        u1_0.email,
        u1_0.enabled,
        u1_0.name,
        u1_0.password,
        u1_0.role 
    from
        users u1_0 
    where
        u1_0.email=?
2025-12-07T01:00:14.568+05:30 DEBUG 544 --- [catchy] [nio-8080-exec-8] org.hibernate.SQL                        : 
    select
        wi1_0.id,
        wi1_0.added_at,
        wi1_0.product_id,
        wi1_0.user_id 
    from
        wishlist_items wi1_0 
    where
        wi1_0.user_id=?
Hibernate: 
    select
        wi1_0.id,
        wi1_0.added_at,
        wi1_0.product_id,
        wi1_0.user_id 
    from
        wishlist_items wi1_0 
    where
        wi1_0.user_id=?
2025-12-07T01:00:14.684+05:30 DEBUG 544 --- [catchy] [nio-8080-exec-7] org.hibernate.SQL                        : 
    select
        u1_0.id,
        u1_0.email,
        u1_0.enabled,
        u1_0.name,
        u1_0.password,
        u1_0.role 
    from
        users u1_0 
    where
        u1_0.email=?
Hibernate: 
    select
        u1_0.id,
        u1_0.email,
        u1_0.enabled,
        u1_0.name,
        u1_0.password,
        u1_0.role 
    from
        users u1_0 
    where
        u1_0.email=?
2025-12-07T01:00:16.140+05:30 DEBUG 544 --- [catchy] [nio-8080-exec-3] org.hibernate.SQL                        : 
    select
        u1_0.id,
        u1_0.email,
        u1_0.enabled,
        u1_0.name,
        u1_0.password,
        u1_0.role 
    from
        users u1_0 
    where
        u1_0.email=?
Hibernate: 
    select
        u1_0.id,
        u1_0.email,
        u1_0.enabled,
        u1_0.name,
        u1_0.password,
        u1_0.role 
    from
        users u1_0 
    where
        u1_0.email=?
2025-12-07T01:00:16.195+05:30 DEBUG 544 --- [catchy] [nio-8080-exec-6] org.hibernate.SQL                        : 
    select
        u1_0.id,
        u1_0.email,
        u1_0.enabled,
        u1_0.name,
        u1_0.password,
        u1_0.role 
    from
        users u1_0 
    where
        u1_0.email=?
Hibernate: 
    select
        u1_0.id,
        u1_0.email,
        u1_0.enabled,
        u1_0.name,
        u1_0.password,
        u1_0.role 
    from
        users u1_0 
    where
        u1_0.email=?
2025-12-07T01:00:16.318+05:30 DEBUG 544 --- [catchy] [io-8080-exec-10] org.hibernate.SQL                        : 
    select
        u1_0.id,
        u1_0.email,
        u1_0.enabled,
        u1_0.name,
        u1_0.password,
        u1_0.role 
    from
        users u1_0 
    where
        u1_0.email=?
Hibernate: 
    select
        u1_0.id,
        u1_0.email,
        u1_0.enabled,
        u1_0.name,
        u1_0.password,
        u1_0.role 
    from
        users u1_0 
    where
        u1_0.email=?
2025-12-07T01:00:19.292+05:30 DEBUG 544 --- [catchy] [nio-8080-exec-1] org.hibernate.SQL                        : 
    select
        u1_0.id,
        u1_0.email,
        u1_0.enabled,
        u1_0.name,
        u1_0.password,
        u1_0.role 
    from
        users u1_0 
    where
        u1_0.email=?
Hibernate: 
    select
        u1_0.id,
        u1_0.email,
        u1_0.enabled,
        u1_0.name,
        u1_0.password,
        u1_0.role 
    from
        users u1_0 
    where
        u1_0.email=?
2025-12-07T01:00:19.353+05:30 DEBUG 544 --- [catchy] [nio-8080-exec-4] org.hibernate.SQL                        : 
    select
        u1_0.id,
        u1_0.email,
        u1_0.enabled,
        u1_0.name,
        u1_0.password,
        u1_0.role 
    from
        users u1_0 
    where
        u1_0.email=?
Hibernate: 
    select
        u1_0.id,
        u1_0.email,
        u1_0.enabled,
        u1_0.name,
        u1_0.password,
        u1_0.role 
    from
        users u1_0 
    where
        u1_0.email=?
2025-12-07T01:00:19.357+05:30 DEBUG 544 --- [catchy] [nio-8080-exec-5] org.hibernate.SQL                        : 
    select
        u1_0.id,
        u1_0.email,
        u1_0.enabled,
        u1_0.name,
        u1_0.password,
        u1_0.role 
    from
        users u1_0 
    where
        u1_0.email=?
Hibernate: 
    select
        u1_0.id,
        u1_0.email,
        u1_0.enabled,
        u1_0.name,
        u1_0.password,
        u1_0.role 
    from
        users u1_0 
    where
        u1_0.email=?
2025-12-07T01:00:19.374+05:30 DEBUG 544 --- [catchy] [nio-8080-exec-9] org.hibernate.SQL                        : 
    select
        u1_0.id,
        u1_0.email,
        u1_0.enabled,
        u1_0.name,
        u1_0.password,
        u1_0.role 
    from
        users u1_0 
    where
        u1_0.email=?
Hibernate: 
    select
        u1_0.id,
        u1_0.email,
        u1_0.enabled,
        u1_0.name,
        u1_0.password,
        u1_0.role 
    from
        users u1_0 
    where
        u1_0.email=?
2025-12-07T01:00:19.374+05:30 DEBUG 544 --- [catchy] [nio-8080-exec-2] org.hibernate.SQL                        : 
    select
        u1_0.id,
        u1_0.email,
        u1_0.enabled,
        u1_0.name,
        u1_0.password,
        u1_0.role 
    from
        users u1_0 
    where
        u1_0.email=?
Hibernate: 
    select
        u1_0.id,
        u1_0.email,
        u1_0.enabled,
        u1_0.name,
        u1_0.password,
        u1_0.role 
    from
        users u1_0 
    where
        u1_0.email=?
2025-12-07T01:00:19.378+05:30 DEBUG 544 --- [catchy] [nio-8080-exec-2] org.hibernate.SQL                        : 
    select
        u1_0.id,
        u1_0.email,
        u1_0.enabled,
        u1_0.name,
        u1_0.password,
        u1_0.role 
    from
        users u1_0 
    where
        u1_0.email=?
Hibernate: 
    select
        u1_0.id,
        u1_0.email,
        u1_0.enabled,
        u1_0.name,
        u1_0.password,
        u1_0.role 
    from
        users u1_0 
    where
        u1_0.email=?
2025-12-07T01:00:19.378+05:30 DEBUG 544 --- [catchy] [nio-8080-exec-9] org.hibernate.SQL                        : 
    select
        u1_0.id,
        u1_0.email,
        u1_0.enabled,
        u1_0.name,
        u1_0.password,
        u1_0.role 
    from
        users u1_0 
    where
        u1_0.email=?
Hibernate: 
    select
        u1_0.id,
        u1_0.email,
        u1_0.enabled,
        u1_0.name,
        u1_0.password,
        u1_0.role 
    from
        users u1_0 
    where
        u1_0.email=?
2025-12-07T01:00:19.381+05:30 DEBUG 544 --- [catchy] [nio-8080-exec-2] org.hibernate.SQL                        : 
    select
        wi1_0.id,
        wi1_0.added_at,
        wi1_0.product_id,
        wi1_0.user_id 
    from
        wishlist_items wi1_0 
    where
        wi1_0.user_id=?
Hibernate: 
    select
        wi1_0.id,
        wi1_0.added_at,
        wi1_0.product_id,
        wi1_0.user_id 
    from
        wishlist_items wi1_0 
    where
        wi1_0.user_id=?
2025-12-07T01:00:19.382+05:30 DEBUG 544 --- [catchy] [nio-8080-exec-9] org.hibernate.SQL                        : 
    select
        ci1_0.id,
        ci1_0.product_id,
        ci1_0.quantity,
        ci1_0.user_id 
    from
        cart_items ci1_0 
    where
        ci1_0.user_id=?
Hibernate: 
    select
        ci1_0.id,
        ci1_0.product_id,
        ci1_0.quantity,
        ci1_0.user_id 
    from
        cart_items ci1_0 
    where
        ci1_0.user_id=?
2025-12-07T01:00:19.389+05:30 DEBUG 544 --- [catchy] [nio-8080-exec-8] org.hibernate.SQL                        : 
    select
        u1_0.id,
        u1_0.email,
        u1_0.enabled,
        u1_0.name,
        u1_0.password,
        u1_0.role 
    from
        users u1_0 
    where
        u1_0.email=?
Hibernate: 
    select
        u1_0.id,
        u1_0.email,
        u1_0.enabled,
        u1_0.name,
        u1_0.password,
        u1_0.role 
    from
        users u1_0 
    where
        u1_0.email=?
2025-12-07T01:00:19.395+05:30 DEBUG 544 --- [catchy] [nio-8080-exec-8] org.hibernate.SQL                        : 
    select
        u1_0.id,
        u1_0.email,
        u1_0.enabled,
        u1_0.name,
        u1_0.password,
        u1_0.role 
    from
        users u1_0 
    where
        u1_0.email=?
Hibernate: 
    select
        u1_0.id,
        u1_0.email,
        u1_0.enabled,
        u1_0.name,
        u1_0.password,
        u1_0.role 
    from
        users u1_0 
    where
        u1_0.email=?
2025-12-07T01:00:19.398+05:30 DEBUG 544 --- [catchy] [nio-8080-exec-8] org.hibernate.SQL                        : 
    select
        wi1_0.id,
        wi1_0.added_at,
        wi1_0.product_id,
        wi1_0.user_id 
    from
        wishlist_items wi1_0 
    where
        wi1_0.user_id=?
Hibernate: 
    select
        wi1_0.id,
        wi1_0.added_at,
        wi1_0.product_id,
        wi1_0.user_id 
    from
        wishlist_items wi1_0 
    where
        wi1_0.user_id=?
2025-12-07T01:00:19.497+05:30 DEBUG 544 --- [catchy] [nio-8080-exec-7] org.hibernate.SQL                        : 
    select
        u1_0.id,
        u1_0.email,
        u1_0.enabled,
        u1_0.name,
        u1_0.password,
        u1_0.role 
    from
        users u1_0 
    where
        u1_0.email=?
Hibernate: 
    select
        u1_0.id,
        u1_0.email,
        u1_0.enabled,
        u1_0.name,
        u1_0.password,
        u1_0.role 
    from
        users u1_0 
    where
        u1_0.email=?
2025-12-07T01:00:32.642+05:30 DEBUG 544 --- [catchy] [nio-8080-exec-3] org.hibernate.SQL                        : 
    select
        u1_0.id,
        u1_0.email,
        u1_0.enabled,
        u1_0.name,
        u1_0.password,
        u1_0.role 
    from
        users u1_0 
    where
        u1_0.email=?
Hibernate: 
    select
        u1_0.id,
        u1_0.email,
        u1_0.enabled,
        u1_0.name,
        u1_0.password,
        u1_0.role 
    from
        users u1_0 
    where
        u1_0.email=?
2025-12-07T01:00:32.706+05:30 DEBUG 544 --- [catchy] [nio-8080-exec-3] org.hibernate.SQL                        : 
    select
        u1_0.id 
    from
        users u1_0 
    where
        u1_0.email=? 
    limit
        ?
Hibernate: 
    select
        u1_0.id 
    from
        users u1_0 
    where
        u1_0.email=? 
    limit
        ?
2025-12-07T01:00:37.493+05:30 DEBUG 544 --- [catchy] [nio-8080-exec-5] org.hibernate.SQL                        : 
    select
        u1_0.id,
        u1_0.email,
        u1_0.enabled,
        u1_0.name,
        u1_0.password,
        u1_0.role 
    from
        users u1_0 
    where
        u1_0.email=?
Hibernate: 
    select
        u1_0.id,
        u1_0.email,
        u1_0.enabled,
        u1_0.name,
        u1_0.password,
        u1_0.role 
    from
        users u1_0 
    where
        u1_0.email=?
2025-12-07T01:00:37.551+05:30 DEBUG 544 --- [catchy] [nio-8080-exec-9] org.hibernate.SQL                        : 
    select
        u1_0.id,
        u1_0.email,
        u1_0.enabled,
        u1_0.name,
        u1_0.password,
        u1_0.role 
    from
        users u1_0 
    where
        u1_0.email=?
Hibernate: 
    select
        u1_0.id,
        u1_0.email,
        u1_0.enabled,
        u1_0.name,
        u1_0.password,
        u1_0.role 
    from
        users u1_0 
    where
        u1_0.email=?
2025-12-07T01:00:37.554+05:30 DEBUG 544 --- [catchy] [nio-8080-exec-2] org.hibernate.SQL                        : 
    select
        u1_0.id,
        u1_0.email,
        u1_0.enabled,
        u1_0.name,
        u1_0.password,
        u1_0.role 
    from
        users u1_0 
    where
        u1_0.email=?
Hibernate: 
    select
        u1_0.id,
        u1_0.email,
        u1_0.enabled,
        u1_0.name,
        u1_0.password,
        u1_0.role 
    from
        users u1_0 
    where
        u1_0.email=?
2025-12-07T01:00:37.570+05:30 DEBUG 544 --- [catchy] [nio-8080-exec-8] org.hibernate.SQL                        : 
    select
        u1_0.id,
        u1_0.email,
        u1_0.enabled,
        u1_0.name,
        u1_0.password,
        u1_0.role 
    from
        users u1_0 
    where
        u1_0.email=?
2025-12-07T01:00:37.570+05:30 DEBUG 544 --- [catchy] [nio-8080-exec-7] org.hibernate.SQL                        : 
    select
        u1_0.id,
        u1_0.email,
        u1_0.enabled,
        u1_0.name,
        u1_0.password,
        u1_0.role 
    from
        users u1_0 
    where
        u1_0.email=?
Hibernate: 
    select
        u1_0.id,
        u1_0.email,
        u1_0.enabled,
        u1_0.name,
        u1_0.password,
        u1_0.role 
    from
        users u1_0 
    where
        u1_0.email=?
Hibernate: 
    select
        u1_0.id,
        u1_0.email,
        u1_0.enabled,
        u1_0.name,
        u1_0.password,
        u1_0.role 
    from
        users u1_0 
    where
        u1_0.email=?
2025-12-07T01:00:37.573+05:30 DEBUG 544 --- [catchy] [nio-8080-exec-7] org.hibernate.SQL                        : 
    select
        u1_0.id,
        u1_0.email,
        u1_0.enabled,
        u1_0.name,
        u1_0.password,
        u1_0.role 
    from
        users u1_0 
    where
        u1_0.email=?
Hibernate: 
    select
        u1_0.id,
        u1_0.email,
        u1_0.enabled,
        u1_0.name,
        u1_0.password,
        u1_0.role 
    from
        users u1_0 
    where
        u1_0.email=?
2025-12-07T01:00:37.573+05:30 DEBUG 544 --- [catchy] [nio-8080-exec-8] org.hibernate.SQL                        : 
    select
        u1_0.id,
        u1_0.email,
        u1_0.enabled,
        u1_0.name,
        u1_0.password,
        u1_0.role 
    from
        users u1_0 
    where
        u1_0.email=?
Hibernate: 
    select
        u1_0.id,
        u1_0.email,
        u1_0.enabled,
        u1_0.name,
        u1_0.password,
        u1_0.role 
    from
        users u1_0 
    where
        u1_0.email=?
2025-12-07T01:00:37.578+05:30 DEBUG 544 --- [catchy] [nio-8080-exec-7] org.hibernate.SQL                        : 
    select
        wi1_0.id,
        wi1_0.added_at,
        wi1_0.product_id,
        wi1_0.user_id 
    from
        wishlist_items wi1_0 
    where
        wi1_0.user_id=?
Hibernate: 
    select
        wi1_0.id,
        wi1_0.added_at,
        wi1_0.product_id,
        wi1_0.user_id 
    from
        wishlist_items wi1_0 
    where
        wi1_0.user_id=?
2025-12-07T01:00:37.579+05:30 DEBUG 544 --- [catchy] [nio-8080-exec-8] org.hibernate.SQL                        : 
    select
        ci1_0.id,
        ci1_0.product_id,
        ci1_0.quantity,
        ci1_0.user_id 
    from
        cart_items ci1_0 
    where
        ci1_0.user_id=?
Hibernate: 
    select
        ci1_0.id,
        ci1_0.product_id,
        ci1_0.quantity,
        ci1_0.user_id 
    from
        cart_items ci1_0 
    where
        ci1_0.user_id=?
2025-12-07T01:00:37.588+05:30 DEBUG 544 --- [catchy] [nio-8080-exec-3] org.hibernate.SQL                        : 
    select
        u1_0.id,
        u1_0.email,
        u1_0.enabled,
        u1_0.name,
        u1_0.password,
        u1_0.role 
    from
        users u1_0 
    where
        u1_0.email=?
Hibernate: 
    select
        u1_0.id,
        u1_0.email,
        u1_0.enabled,
        u1_0.name,
        u1_0.password,
        u1_0.role 
    from
        users u1_0 
    where
        u1_0.email=?
2025-12-07T01:00:37.593+05:30 DEBUG 544 --- [catchy] [nio-8080-exec-3] org.hibernate.SQL                        : 
    select
        u1_0.id,
        u1_0.email,
        u1_0.enabled,
        u1_0.name,
        u1_0.password,
        u1_0.role 
    from
        users u1_0 
    where
        u1_0.email=?
Hibernate: 
    select
        u1_0.id,
        u1_0.email,
        u1_0.enabled,
        u1_0.name,
        u1_0.password,
        u1_0.role 
    from
        users u1_0 
    where
        u1_0.email=?
2025-12-07T01:00:37.598+05:30 DEBUG 544 --- [catchy] [nio-8080-exec-3] org.hibernate.SQL                        : 
    select
        wi1_0.id,
        wi1_0.added_at,
        wi1_0.product_id,
        wi1_0.user_id 
    from
        wishlist_items wi1_0 
    where
        wi1_0.user_id=?
Hibernate: 
    select
        wi1_0.id,
        wi1_0.added_at,
        wi1_0.product_id,
        wi1_0.user_id 
    from
        wishlist_items wi1_0 
    where
        wi1_0.user_id=?
2025-12-07T01:00:37.711+05:30 DEBUG 544 --- [catchy] [io-8080-exec-10] org.hibernate.SQL                        : 
    select
        u1_0.id,
        u1_0.email,
        u1_0.enabled,
        u1_0.name,
        u1_0.password,
        u1_0.role 
    from
        users u1_0 
    where
        u1_0.email=?
Hibernate: 
    select
        u1_0.id,
        u1_0.email,
        u1_0.enabled,
        u1_0.name,
        u1_0.password,
        u1_0.role 
    from
        users u1_0 
    where
        u1_0.email=?
2025-12-07T01:00:43.747+05:30 DEBUG 544 --- [catchy] [nio-8080-exec-5] org.hibernate.SQL                        : 
    select
        u1_0.id,
        u1_0.email,
        u1_0.enabled,
        u1_0.name,
        u1_0.password,
        u1_0.role 
    from
        users u1_0 
    where
        u1_0.email=?
Hibernate: 
    select
        u1_0.id,
        u1_0.email,
        u1_0.enabled,
        u1_0.name,
        u1_0.password,
        u1_0.role 
    from
        users u1_0 
    where
        u1_0.email=?
2025-12-07T01:00:43.750+05:30 DEBUG 544 --- [catchy] [nio-8080-exec-5] org.hibernate.SQL                        : 
    select
        u1_0.id,
        u1_0.email,
        u1_0.enabled,
        u1_0.name,
        u1_0.password,
        u1_0.role 
    from
        users u1_0 
    where
        u1_0.email=?
Hibernate: 
    select
        u1_0.id,
        u1_0.email,
        u1_0.enabled,
        u1_0.name,
        u1_0.password,
        u1_0.role 
    from
        users u1_0 
    where
        u1_0.email=?
2025-12-07T01:00:43.846+05:30 DEBUG 544 --- [catchy] [nio-8080-exec-5] org.hibernate.SQL                        : 
    select
        u1_0.id,
        u1_0.email,
        u1_0.enabled,
        u1_0.name,
        u1_0.password,
        u1_0.role 
    from
        users u1_0 
    where
        u1_0.email=?
Hibernate: 
    select
        u1_0.id,
        u1_0.email,
        u1_0.enabled,
        u1_0.name,
        u1_0.password,
        u1_0.role 
    from
        users u1_0 
    where
        u1_0.email=?
2025-12-07T01:00:43.848+05:30 DEBUG 544 --- [catchy] [nio-8080-exec-5] org.hibernate.SQL                        : 
    select
        u1_0.id,
        u1_0.email,
        u1_0.enabled,
        u1_0.name,
        u1_0.password,
        u1_0.role 
    from
        users u1_0 
    where
        u1_0.email=?
Hibernate: 
    select
        u1_0.id,
        u1_0.email,
        u1_0.enabled,
        u1_0.name,
        u1_0.password,
        u1_0.role 
    from
        users u1_0 
    where
        u1_0.email=?
2025-12-07T01:00:44.403+05:30 DEBUG 544 --- [catchy] [nio-8080-exec-9] org.hibernate.SQL                        : 
    select
        u1_0.id,
        u1_0.email,
        u1_0.enabled,
        u1_0.name,
        u1_0.password,
        u1_0.role 
    from
        users u1_0 
    where
        u1_0.email=?
Hibernate: 
    select
        u1_0.id,
        u1_0.email,
        u1_0.enabled,
        u1_0.name,
        u1_0.password,
        u1_0.role 
    from
        users u1_0 
    where
        u1_0.email=?
2025-12-07T01:00:44.408+05:30 DEBUG 544 --- [catchy] [nio-8080-exec-9] org.hibernate.SQL                        : 
    select
        u1_0.id,
        u1_0.email,
        u1_0.enabled,
        u1_0.name,
        u1_0.password,
        u1_0.role 
    from
        users u1_0 
    where
        u1_0.email=?
Hibernate: 
    select
        u1_0.id,
        u1_0.email,
        u1_0.enabled,
        u1_0.name,
        u1_0.password,
        u1_0.role 
    from
        users u1_0 
    where
        u1_0.email=?
2025-12-07T01:00:44.412+05:30 DEBUG 544 --- [catchy] [nio-8080-exec-9] org.hibernate.SQL                        : 
    select
        v1_0.id,
        v1_0.address,
        v1_0.approved,
        v1_0.banner,
        v1_0.company_name,
        v1_0.contact_email,
        v1_0.created_at,
        v1_0.description,
        v1_0.kyc_document_url,
        v1_0.kyc_status,
        v1_0.logo,
        v1_0.phone_number,
        v1_0.rating,
        v1_0.shop_name,
        v1_0.tax_id,
        v1_0.total_orders,
        v1_0.total_sales,
        v1_0.updated_at,
        v1_0.user_id 
    from
        vendors v1_0 
    where
        v1_0.user_id=?
Hibernate: 
    select
        v1_0.id,
        v1_0.address,
        v1_0.approved,
        v1_0.banner,
        v1_0.company_name,
        v1_0.contact_email,
        v1_0.created_at,
        v1_0.description,
        v1_0.kyc_document_url,
        v1_0.kyc_status,
        v1_0.logo,
        v1_0.phone_number,
        v1_0.rating,
        v1_0.shop_name,
        v1_0.tax_id,
        v1_0.total_orders,
        v1_0.total_sales,
        v1_0.updated_at,
        v1_0.user_id 
    from
        vendors v1_0 
    where
        v1_0.user_id=?
2025-12-07T01:00:44.445+05:30 DEBUG 544 --- [catchy] [nio-8080-exec-2] org.hibernate.SQL                        : 
    select
        u1_0.id,
        u1_0.email,
        u1_0.enabled,
        u1_0.name,
        u1_0.password,
        u1_0.role 
    from
        users u1_0 
    where
        u1_0.email=?
Hibernate: 
    select
        u1_0.id,
        u1_0.email,
        u1_0.enabled,
        u1_0.name,
        u1_0.password,
        u1_0.role 
    from
        users u1_0 
    where
        u1_0.email=?
2025-12-07T01:00:44.450+05:30 DEBUG 544 --- [catchy] [nio-8080-exec-2] org.hibernate.SQL                        : 
    select
        u1_0.id,
        u1_0.email,
        u1_0.enabled,
        u1_0.name,
        u1_0.password,
        u1_0.role 
    from
        users u1_0 
    where
        u1_0.email=?
Hibernate: 
    select
        u1_0.id,
        u1_0.email,
        u1_0.enabled,
        u1_0.name,
        u1_0.password,
        u1_0.role 
    from
        users u1_0 
    where
        u1_0.email=?
2025-12-07T01:00:44.465+05:30 DEBUG 544 --- [catchy] [nio-8080-exec-7] org.hibernate.SQL                        : 
    select
        u1_0.id,
        u1_0.email,
        u1_0.enabled,
        u1_0.name,
        u1_0.password,
        u1_0.role 
    from
        users u1_0 
    where
        u1_0.email=?
Hibernate: 
    select
        u1_0.id,
        u1_0.email,
        u1_0.enabled,
        u1_0.name,
        u1_0.password,
        u1_0.role 
    from
        users u1_0 
    where
        u1_0.email=?
2025-12-07T01:00:44.477+05:30 DEBUG 544 --- [catchy] [nio-8080-exec-7] org.hibernate.SQL                        : 
    select
        u1_0.id,
        u1_0.email,
        u1_0.enabled,
        u1_0.name,
        u1_0.password,
        u1_0.role 
    from
        users u1_0 
    where
        u1_0.email=?
Hibernate: 
    select
        u1_0.id,
        u1_0.email,
        u1_0.enabled,
        u1_0.name,
        u1_0.password,
        u1_0.role 
    from
        users u1_0 
    where
        u1_0.email=?
2025-12-07T01:00:44.479+05:30 DEBUG 544 --- [catchy] [nio-8080-exec-7] org.hibernate.SQL                        : 
    select
        v1_0.id,
        v1_0.address,
        v1_0.approved,
        v1_0.banner,
        v1_0.company_name,
        v1_0.contact_email,
        v1_0.created_at,
        v1_0.description,
        v1_0.kyc_document_url,
        v1_0.kyc_status,
        v1_0.logo,
        v1_0.phone_number,
        v1_0.rating,
        v1_0.shop_name,
        v1_0.tax_id,
        v1_0.total_orders,
        v1_0.total_sales,
        v1_0.updated_at,
        v1_0.user_id 
    from
        vendors v1_0 
    where
        v1_0.user_id=?
Hibernate: 
    select
        v1_0.id,
        v1_0.address,
        v1_0.approved,
        v1_0.banner,
        v1_0.company_name,
        v1_0.contact_email,
        v1_0.created_at,
        v1_0.description,
        v1_0.kyc_document_url,
        v1_0.kyc_status,
        v1_0.logo,
        v1_0.phone_number,
        v1_0.rating,
        v1_0.shop_name,
        v1_0.tax_id,
        v1_0.total_orders,
        v1_0.total_sales,
        v1_0.updated_at,
        v1_0.user_id 
    from
        vendors v1_0 
    where
        v1_0.user_id=?
2025-12-07T01:00:44.489+05:30 DEBUG 544 --- [catchy] [nio-8080-exec-8] org.hibernate.SQL                        : 
    select
        u1_0.id,
        u1_0.email,
        u1_0.enabled,
        u1_0.name,
        u1_0.password,
        u1_0.role 
    from
        users u1_0 
    where
        u1_0.email=?
Hibernate: 
    select
        u1_0.id,
        u1_0.email,
        u1_0.enabled,
        u1_0.name,
        u1_0.password,
        u1_0.role 
    from
        users u1_0 
    where
        u1_0.email=?
2025-12-07T01:00:44.559+05:30 DEBUG 544 --- [catchy] [nio-8080-exec-3] org.hibernate.SQL                        : 
    select
        u1_0.id,
        u1_0.email,
        u1_0.enabled,
        u1_0.name,
        u1_0.password,
        u1_0.role 
    from
        users u1_0 
    where
        u1_0.email=?
Hibernate: 
    select
        u1_0.id,
        u1_0.email,
        u1_0.enabled,
        u1_0.name,
        u1_0.password,
        u1_0.role 
    from
        users u1_0 
    where
        u1_0.email=?
2025-12-07T01:00:44.559+05:30 DEBUG 544 --- [catchy] [io-8080-exec-10] org.hibernate.SQL                        : 
    select
        u1_0.id,
        u1_0.email,
        u1_0.enabled,
        u1_0.name,
        u1_0.password,
        u1_0.role 
    from
        users u1_0 
    where
        u1_0.email=?
Hibernate: 
    select
        u1_0.id,
        u1_0.email,
        u1_0.enabled,
        u1_0.name,
        u1_0.password,
        u1_0.role 
    from
        users u1_0 
    where
        u1_0.email=?
2025-12-07T01:00:44.579+05:30 DEBUG 544 --- [catchy] [nio-8080-exec-4] org.hibernate.SQL                        : 
    select
        u1_0.id,
        u1_0.email,
        u1_0.enabled,
        u1_0.name,
        u1_0.password,
        u1_0.role 
    from
        users u1_0 
    where
        u1_0.email=?
Hibernate: 
    select
        u1_0.id,
        u1_0.email,
        u1_0.enabled,
        u1_0.name,
        u1_0.password,
        u1_0.role 
    from
        users u1_0 
    where
        u1_0.email=?
2025-12-07T01:00:44.579+05:30 DEBUG 544 --- [catchy] [nio-8080-exec-6] org.hibernate.SQL                        : 
    select
        u1_0.id,
        u1_0.email,
        u1_0.enabled,
        u1_0.name,
        u1_0.password,
        u1_0.role 
    from
        users u1_0 
    where
        u1_0.email=?
Hibernate: 
    select
        u1_0.id,
        u1_0.email,
        u1_0.enabled,
        u1_0.name,
        u1_0.password,
        u1_0.role 
    from
        users u1_0 
    where
        u1_0.email=?
2025-12-07T01:00:44.585+05:30 DEBUG 544 --- [catchy] [nio-8080-exec-6] org.hibernate.SQL                        : 
    select
        u1_0.id,
        u1_0.email,
        u1_0.enabled,
        u1_0.name,
        u1_0.password,
        u1_0.role 
    from
        users u1_0 
    where
        u1_0.email=?
Hibernate: 
    select
        u1_0.id,
        u1_0.email,
        u1_0.enabled,
        u1_0.name,
        u1_0.password,
        u1_0.role 
    from
        users u1_0 
    where
        u1_0.email=?
2025-12-07T01:00:44.585+05:30 DEBUG 544 --- [catchy] [nio-8080-exec-4] org.hibernate.SQL                        : 
    select
        u1_0.id,
        u1_0.email,
        u1_0.enabled,
        u1_0.name,
        u1_0.password,
        u1_0.role 
    from
        users u1_0 
    where
        u1_0.email=?
Hibernate: 
    select
        u1_0.id,
        u1_0.email,
        u1_0.enabled,
        u1_0.name,
        u1_0.password,
        u1_0.role 
    from
        users u1_0 
    where
        u1_0.email=?
2025-12-07T01:00:44.587+05:30 DEBUG 544 --- [catchy] [nio-8080-exec-4] org.hibernate.SQL                        : 
    select
        ci1_0.id,
        ci1_0.product_id,
        ci1_0.quantity,
        ci1_0.user_id 
    from
        cart_items ci1_0 
    where
        ci1_0.user_id=?
Hibernate: 
    select
        ci1_0.id,
        ci1_0.product_id,
        ci1_0.quantity,
        ci1_0.user_id 
    from
        cart_items ci1_0 
    where
        ci1_0.user_id=?
2025-12-07T01:00:44.587+05:30 DEBUG 544 --- [catchy] [nio-8080-exec-6] org.hibernate.SQL                        : 
    select
        wi1_0.id,
        wi1_0.added_at,
        wi1_0.product_id,
        wi1_0.user_id 
    from
        wishlist_items wi1_0 
    where
        wi1_0.user_id=?
Hibernate: 
    select
        wi1_0.id,
        wi1_0.added_at,
        wi1_0.product_id,
        wi1_0.user_id 
    from
        wishlist_items wi1_0 
    where
        wi1_0.user_id=?
2025-12-07T01:00:44.595+05:30 DEBUG 544 --- [catchy] [nio-8080-exec-1] org.hibernate.SQL                        : 
    select
        u1_0.id,
        u1_0.email,
        u1_0.enabled,
        u1_0.name,
        u1_0.password,
        u1_0.role 
    from
        users u1_0 
    where
        u1_0.email=?
Hibernate: 
    select
        u1_0.id,
        u1_0.email,
        u1_0.enabled,
        u1_0.name,
        u1_0.password,
        u1_0.role 
    from
        users u1_0 
    where
        u1_0.email=?
2025-12-07T01:00:44.601+05:30 DEBUG 544 --- [catchy] [nio-8080-exec-1] org.hibernate.SQL                        : 
    select
        u1_0.id,
        u1_0.email,
        u1_0.enabled,
        u1_0.name,
        u1_0.password,
        u1_0.role 
    from
        users u1_0 
    where
        u1_0.email=?
Hibernate: 
    select
        u1_0.id,
        u1_0.email,
        u1_0.enabled,
        u1_0.name,
        u1_0.password,
        u1_0.role 
    from
        users u1_0 
    where
        u1_0.email=?
2025-12-07T01:00:44.605+05:30 DEBUG 544 --- [catchy] [nio-8080-exec-1] org.hibernate.SQL                        : 
    select
        wi1_0.id,
        wi1_0.added_at,
        wi1_0.product_id,
        wi1_0.user_id 
    from
        wishlist_items wi1_0 
    where
        wi1_0.user_id=?
Hibernate: 
    select
        wi1_0.id,
        wi1_0.added_at,
        wi1_0.product_id,
        wi1_0.user_id 
    from
        wishlist_items wi1_0 
    where
        wi1_0.user_id=?
2025-12-07T01:00:44.709+05:30 DEBUG 544 --- [catchy] [nio-8080-exec-5] org.hibernate.SQL                        : 
    select
        u1_0.id,
        u1_0.email,
        u1_0.enabled,
        u1_0.name,
        u1_0.password,
        u1_0.role 
    from
        users u1_0 
    where
        u1_0.email=?
Hibernate: 
    select
        u1_0.id,
        u1_0.email,
        u1_0.enabled,
        u1_0.name,
        u1_0.password,
        u1_0.role 
    from
        users u1_0 
    where
        u1_0.email=?
2025-12-07T01:00:50.884+05:30 DEBUG 544 --- [catchy] [nio-8080-exec-9] org.hibernate.SQL                        : 
    select
        u1_0.id,
        u1_0.email,
        u1_0.enabled,
        u1_0.name,
        u1_0.password,
        u1_0.role 
    from
        users u1_0 
    where
        u1_0.email=?
Hibernate: 
    select
        u1_0.id,
        u1_0.email,
        u1_0.enabled,
        u1_0.name,
        u1_0.password,
        u1_0.role 
    from
        users u1_0 
    where
        u1_0.email=?
2025-12-07T01:00:50.943+05:30 DEBUG 544 --- [catchy] [nio-8080-exec-2] org.hibernate.SQL                        : 
    select
        u1_0.id,
        u1_0.email,
        u1_0.enabled,
        u1_0.name,
        u1_0.password,
        u1_0.role 
    from
        users u1_0 
    where
        u1_0.email=?
Hibernate: 
    select
        u1_0.id,
        u1_0.email,
        u1_0.enabled,
        u1_0.name,
        u1_0.password,
        u1_0.role 
    from
        users u1_0 
    where
        u1_0.email=?
2025-12-07T01:00:51.063+05:30 DEBUG 544 --- [catchy] [nio-8080-exec-7] org.hibernate.SQL                        : 
    select
        u1_0.id,
        u1_0.email,
        u1_0.enabled,
        u1_0.name,
        u1_0.password,
        u1_0.role 
    from
        users u1_0 
    where
        u1_0.email=?
Hibernate: 
    select
        u1_0.id,
        u1_0.email,
        u1_0.enabled,
        u1_0.name,
        u1_0.password,
        u1_0.role 
    from
        users u1_0 
    where
        u1_0.email=?
2025-12-07T01:00:52.516+05:30 DEBUG 544 --- [catchy] [nio-8080-exec-8] org.hibernate.SQL                        : 
    select
        u1_0.id,
        u1_0.email,
        u1_0.enabled,
        u1_0.name,
        u1_0.password,
        u1_0.role 
    from
        users u1_0 
    where
        u1_0.email=?
Hibernate: 
    select
        u1_0.id,
        u1_0.email,
        u1_0.enabled,
        u1_0.name,
        u1_0.password,
        u1_0.role 
    from
        users u1_0 
    where
        u1_0.email=?
2025-12-07T01:00:52.571+05:30 DEBUG 544 --- [catchy] [nio-8080-exec-3] org.hibernate.SQL                        : 
    select
        u1_0.id,
        u1_0.email,
        u1_0.enabled,
        u1_0.name,
        u1_0.password,
        u1_0.role 
    from
        users u1_0 
    where
        u1_0.email=?
Hibernate: 
    select
        u1_0.id,
        u1_0.email,
        u1_0.enabled,
        u1_0.name,
        u1_0.password,
        u1_0.role 
    from
        users u1_0 
    where
        u1_0.email=?
2025-12-07T01:00:52.573+05:30 DEBUG 544 --- [catchy] [io-8080-exec-10] org.hibernate.SQL                        : 
    select
        u1_0.id,
        u1_0.email,
        u1_0.enabled,
        u1_0.name,
        u1_0.password,
        u1_0.role 
    from
        users u1_0 
    where
        u1_0.email=?
Hibernate: 
    select
        u1_0.id,
        u1_0.email,
        u1_0.enabled,
        u1_0.name,
        u1_0.password,
        u1_0.role 
    from
        users u1_0 
    where
        u1_0.email=?
2025-12-07T01:00:52.594+05:30 DEBUG 544 --- [catchy] [nio-8080-exec-4] org.hibernate.SQL                        : 
    select
        u1_0.id,
        u1_0.email,
        u1_0.enabled,
        u1_0.name,
        u1_0.password,
        u1_0.role 
    from
        users u1_0 
    where
        u1_0.email=?
Hibernate: 
    select
        u1_0.id,
        u1_0.email,
        u1_0.enabled,
        u1_0.name,
        u1_0.password,
        u1_0.role 
    from
        users u1_0 
    where
        u1_0.email=?
2025-12-07T01:00:52.595+05:30 DEBUG 544 --- [catchy] [nio-8080-exec-6] org.hibernate.SQL                        : 
    select
        u1_0.id,
        u1_0.email,
        u1_0.enabled,
        u1_0.name,
        u1_0.password,
        u1_0.role 
    from
        users u1_0 
    where
        u1_0.email=?
Hibernate: 
    select
        u1_0.id,
        u1_0.email,
        u1_0.enabled,
        u1_0.name,
        u1_0.password,
        u1_0.role 
    from
        users u1_0 
    where
        u1_0.email=?
2025-12-07T01:00:52.599+05:30 DEBUG 544 --- [catchy] [nio-8080-exec-6] org.hibernate.SQL                        : 
    select
        u1_0.id,
        u1_0.email,
        u1_0.enabled,
        u1_0.name,
        u1_0.password,
        u1_0.role 
    from
        users u1_0 
    where
        u1_0.email=?
Hibernate: 
    select
        u1_0.id,
        u1_0.email,
        u1_0.enabled,
        u1_0.name,
        u1_0.password,
        u1_0.role 
    from
        users u1_0 
    where
        u1_0.email=?
2025-12-07T01:00:52.599+05:30 DEBUG 544 --- [catchy] [nio-8080-exec-4] org.hibernate.SQL                        : 
    select
        u1_0.id,
        u1_0.email,
        u1_0.enabled,
        u1_0.name,
        u1_0.password,
        u1_0.role 
    from
        users u1_0 
    where
        u1_0.email=?
Hibernate: 
    select
        u1_0.id,
        u1_0.email,
        u1_0.enabled,
        u1_0.name,
        u1_0.password,
        u1_0.role 
    from
        users u1_0 
    where
        u1_0.email=?
2025-12-07T01:00:52.601+05:30 DEBUG 544 --- [catchy] [nio-8080-exec-6] org.hibernate.SQL                        : 
    select
        wi1_0.id,
        wi1_0.added_at,
        wi1_0.product_id,
        wi1_0.user_id 
    from
        wishlist_items wi1_0 
    where
        wi1_0.user_id=?
Hibernate: 
    select
        wi1_0.id,
        wi1_0.added_at,
        wi1_0.product_id,
        wi1_0.user_id 
    from
        wishlist_items wi1_0 
    where
        wi1_0.user_id=?
2025-12-07T01:00:52.601+05:30 DEBUG 544 --- [catchy] [nio-8080-exec-4] org.hibernate.SQL                        : 
    select
        ci1_0.id,
        ci1_0.product_id,
        ci1_0.quantity,
        ci1_0.user_id 
    from
        cart_items ci1_0 
    where
        ci1_0.user_id=?
Hibernate: 
    select
        ci1_0.id,
        ci1_0.product_id,
        ci1_0.quantity,
        ci1_0.user_id 
    from
        cart_items ci1_0 
    where
        ci1_0.user_id=?
2025-12-07T01:00:52.608+05:30 DEBUG 544 --- [catchy] [nio-8080-exec-1] org.hibernate.SQL                        : 
    select
        u1_0.id,
        u1_0.email,
        u1_0.enabled,
        u1_0.name,
        u1_0.password,
        u1_0.role 
    from
        users u1_0 
    where
        u1_0.email=?
Hibernate: 
    select
        u1_0.id,
        u1_0.email,
        u1_0.enabled,
        u1_0.name,
        u1_0.password,
        u1_0.role 
    from
        users u1_0 
    where
        u1_0.email=?
2025-12-07T01:00:52.615+05:30 DEBUG 544 --- [catchy] [nio-8080-exec-1] org.hibernate.SQL                        : 
    select
        u1_0.id,
        u1_0.email,
        u1_0.enabled,
        u1_0.name,
        u1_0.password,
        u1_0.role 
    from
        users u1_0 
    where
        u1_0.email=?
Hibernate: 
    select
        u1_0.id,
        u1_0.email,
        u1_0.enabled,
        u1_0.name,
        u1_0.password,
        u1_0.role 
    from
        users u1_0 
    where
        u1_0.email=?
2025-12-07T01:00:52.619+05:30 DEBUG 544 --- [catchy] [nio-8080-exec-1] org.hibernate.SQL                        : 
    select
        wi1_0.id,
        wi1_0.added_at,
        wi1_0.product_id,
        wi1_0.user_id 
    from
        wishlist_items wi1_0 
    where
        wi1_0.user_id=?
Hibernate: 
    select
        wi1_0.id,
        wi1_0.added_at,
        wi1_0.product_id,
        wi1_0.user_id 
    from
        wishlist_items wi1_0 
    where
        wi1_0.user_id=?
2025-12-07T01:00:52.715+05:30 DEBUG 544 --- [catchy] [nio-8080-exec-5] org.hibernate.SQL                        : 
    select
        u1_0.id,
        u1_0.email,
        u1_0.enabled,
        u1_0.name,
        u1_0.password,
        u1_0.role 
    from
        users u1_0 
    where
        u1_0.email=?
Hibernate: 
    select
        u1_0.id,
        u1_0.email,
        u1_0.enabled,
        u1_0.name,
        u1_0.password,
        u1_0.role 
    from
        users u1_0 
    where
        u1_0.email=?
2025-12-07T01:00:59.993+05:30 DEBUG 544 --- [catchy] [nio-8080-exec-8] org.hibernate.SQL                        : 
    select
        u1_0.id,
        u1_0.email,
        u1_0.enabled,
        u1_0.name,
        u1_0.password,
        u1_0.role 
    from
        users u1_0 
    where
        u1_0.email=?
Hibernate: 
    select
        u1_0.id,
        u1_0.email,
        u1_0.enabled,
        u1_0.name,
        u1_0.password,
        u1_0.role 
    from
        users u1_0 
    where
        u1_0.email=?
2025-12-07T01:01:00.058+05:30 DEBUG 544 --- [catchy] [nio-8080-exec-3] org.hibernate.SQL                        : 
    select
        u1_0.id,
        u1_0.email,
        u1_0.enabled,
        u1_0.name,
        u1_0.password,
        u1_0.role 
    from
        users u1_0 
    where
        u1_0.email=?
Hibernate: 
    select
        u1_0.id,
        u1_0.email,
        u1_0.enabled,
        u1_0.name,
        u1_0.password,
        u1_0.role 
    from
        users u1_0 
    where
        u1_0.email=?
2025-12-07T01:01:00.240+05:30 DEBUG 544 --- [catchy] [io-8080-exec-10] org.hibernate.SQL                        : 
    select
        u1_0.id,
        u1_0.email,
        u1_0.enabled,
        u1_0.name,
        u1_0.password,
        u1_0.role 
    from
        users u1_0 
    where
        u1_0.email=?
Hibernate: 
    select
        u1_0.id,
        u1_0.email,
        u1_0.enabled,
        u1_0.name,
        u1_0.password,
        u1_0.role 
    from
        users u1_0 
    where
        u1_0.email=?
2025-12-07T01:01:02.017+05:30 DEBUG 544 --- [catchy] [nio-8080-exec-4] org.hibernate.SQL                        : 
    select
        u1_0.id,
        u1_0.email,
        u1_0.enabled,
        u1_0.name,
        u1_0.password,
        u1_0.role 
    from
        users u1_0 
    where
        u1_0.email=?
Hibernate: 
    select
        u1_0.id,
        u1_0.email,
        u1_0.enabled,
        u1_0.name,
        u1_0.password,
        u1_0.role 
    from
        users u1_0 
    where
        u1_0.email=?
2025-12-07T01:01:02.084+05:30 DEBUG 544 --- [catchy] [nio-8080-exec-6] org.hibernate.SQL                        : 
    select
        u1_0.id,
        u1_0.email,
        u1_0.enabled,
        u1_0.name,
        u1_0.password,
        u1_0.role 
    from
        users u1_0 
    where
        u1_0.email=?
Hibernate: 
    select
        u1_0.id,
        u1_0.email,
        u1_0.enabled,
        u1_0.name,
        u1_0.password,
        u1_0.role 
    from
        users u1_0 
    where
        u1_0.email=?
2025-12-07T01:01:02.086+05:30 DEBUG 544 --- [catchy] [nio-8080-exec-1] org.hibernate.SQL                        : 
    select
        u1_0.id,
        u1_0.email,
        u1_0.enabled,
        u1_0.name,
        u1_0.password,
        u1_0.role 
    from
        users u1_0 
    where
        u1_0.email=?
Hibernate: 
    select
        u1_0.id,
        u1_0.email,
        u1_0.enabled,
        u1_0.name,
        u1_0.password,
        u1_0.role 
    from
        users u1_0 
    where
        u1_0.email=?
2025-12-07T01:01:02.110+05:30 DEBUG 544 --- [catchy] [nio-8080-exec-5] org.hibernate.SQL                        : 
    select
        u1_0.id,
        u1_0.email,
        u1_0.enabled,
        u1_0.name,
        u1_0.password,
        u1_0.role 
    from
        users u1_0 
    where
        u1_0.email=?
Hibernate: 
    select
        u1_0.id,
        u1_0.email,
        u1_0.enabled,
        u1_0.name,
        u1_0.password,
        u1_0.role 
    from
        users u1_0 
    where
        u1_0.email=?
2025-12-07T01:01:02.110+05:30 DEBUG 544 --- [catchy] [nio-8080-exec-2] org.hibernate.SQL                        : 
    select
        u1_0.id,
        u1_0.email,
        u1_0.enabled,
        u1_0.name,
        u1_0.password,
        u1_0.role 
    from
        users u1_0 
    where
        u1_0.email=?
Hibernate: 
    select
        u1_0.id,
        u1_0.email,
        u1_0.enabled,
        u1_0.name,
        u1_0.password,
        u1_0.role 
    from
        users u1_0 
    where
        u1_0.email=?
2025-12-07T01:01:02.115+05:30 DEBUG 544 --- [catchy] [nio-8080-exec-2] org.hibernate.SQL                        : 
    select
        u1_0.id,
        u1_0.email,
        u1_0.enabled,
        u1_0.name,
        u1_0.password,
        u1_0.role 
    from
        users u1_0 
    where
        u1_0.email=?
Hibernate: 
    select
        u1_0.id,
        u1_0.email,
        u1_0.enabled,
        u1_0.name,
        u1_0.password,
        u1_0.role 
    from
        users u1_0 
    where
        u1_0.email=?
2025-12-07T01:01:02.116+05:30 DEBUG 544 --- [catchy] [nio-8080-exec-5] org.hibernate.SQL                        : 
    select
        u1_0.id,
        u1_0.email,
        u1_0.enabled,
        u1_0.name,
        u1_0.password,
        u1_0.role 
    from
        users u1_0 
    where
        u1_0.email=?
Hibernate: 
    select
        u1_0.id,
        u1_0.email,
        u1_0.enabled,
        u1_0.name,
        u1_0.password,
        u1_0.role 
    from
        users u1_0 
    where
        u1_0.email=?
2025-12-07T01:01:02.119+05:30 DEBUG 544 --- [catchy] [nio-8080-exec-2] org.hibernate.SQL                        : 
    select
        wi1_0.id,
        wi1_0.added_at,
        wi1_0.product_id,
        wi1_0.user_id 
    from
        wishlist_items wi1_0 
    where
        wi1_0.user_id=?
Hibernate: 
    select
        wi1_0.id,
        wi1_0.added_at,
        wi1_0.product_id,
        wi1_0.user_id 
    from
        wishlist_items wi1_0 
    where
        wi1_0.user_id=?
2025-12-07T01:01:02.120+05:30 DEBUG 544 --- [catchy] [nio-8080-exec-5] org.hibernate.SQL                        : 
    select
        ci1_0.id,
        ci1_0.product_id,
        ci1_0.quantity,
        ci1_0.user_id 
    from
        cart_items ci1_0 
    where
        ci1_0.user_id=?
Hibernate: 
    select
        ci1_0.id,
        ci1_0.product_id,
        ci1_0.quantity,
        ci1_0.user_id 
    from
        cart_items ci1_0 
    where
        ci1_0.user_id=?
2025-12-07T01:01:02.130+05:30 DEBUG 544 --- [catchy] [nio-8080-exec-9] org.hibernate.SQL                        : 
    select
        u1_0.id,
        u1_0.email,
        u1_0.enabled,
        u1_0.name,
        u1_0.password,
        u1_0.role 
    from
        users u1_0 
    where
        u1_0.email=?
Hibernate: 
    select
        u1_0.id,
        u1_0.email,
        u1_0.enabled,
        u1_0.name,
        u1_0.password,
        u1_0.role 
    from
        users u1_0 
    where
        u1_0.email=?
2025-12-07T01:01:02.137+05:30 DEBUG 544 --- [catchy] [nio-8080-exec-9] org.hibernate.SQL                        : 
    select
        u1_0.id,
        u1_0.email,
        u1_0.enabled,
        u1_0.name,
        u1_0.password,
        u1_0.role 
    from
        users u1_0 
    where
        u1_0.email=?
Hibernate: 
    select
        u1_0.id,
        u1_0.email,
        u1_0.enabled,
        u1_0.name,
        u1_0.password,
        u1_0.role 
    from
        users u1_0 
    where
        u1_0.email=?
2025-12-07T01:01:02.141+05:30 DEBUG 544 --- [catchy] [nio-8080-exec-9] org.hibernate.SQL                        : 
    select
        wi1_0.id,
        wi1_0.added_at,
        wi1_0.product_id,
        wi1_0.user_id 
    from
        wishlist_items wi1_0 
    where
        wi1_0.user_id=?
Hibernate: 
    select
        wi1_0.id,
        wi1_0.added_at,
        wi1_0.product_id,
        wi1_0.user_id 
    from
        wishlist_items wi1_0 
    where
        wi1_0.user_id=?
2025-12-07T01:01:02.225+05:30 DEBUG 544 --- [catchy] [nio-8080-exec-7] org.hibernate.SQL                        : 
    select
        u1_0.id,
        u1_0.email,
        u1_0.enabled,
        u1_0.name,
        u1_0.password,
        u1_0.role 
    from
        users u1_0 
    where
        u1_0.email=?
Hibernate: 
    select
        u1_0.id,
        u1_0.email,
        u1_0.enabled,
        u1_0.name,
        u1_0.password,
        u1_0.role 
    from
        users u1_0 
    where
        u1_0.email=?
2025-12-07T01:01:03.629+05:30 DEBUG 544 --- [catchy] [nio-8080-exec-4] org.hibernate.SQL                        : 
    select
        u1_0.id,
        u1_0.email,
        u1_0.enabled,
        u1_0.name,
        u1_0.password,
        u1_0.role 
    from
        users u1_0 
    where
        u1_0.email=?
Hibernate: 
    select
        u1_0.id,
        u1_0.email,
        u1_0.enabled,
        u1_0.name,
        u1_0.password,
        u1_0.role 
    from
        users u1_0 
    where
        u1_0.email=?
2025-12-07T01:01:03.696+05:30 DEBUG 544 --- [catchy] [nio-8080-exec-6] org.hibernate.SQL                        : 
    select
        u1_0.id,
        u1_0.email,
        u1_0.enabled,
        u1_0.name,
        u1_0.password,
        u1_0.role 
    from
        users u1_0 
    where
        u1_0.email=?
Hibernate: 
    select
        u1_0.id,
        u1_0.email,
        u1_0.enabled,
        u1_0.name,
        u1_0.password,
        u1_0.role 
    from
        users u1_0 
    where
        u1_0.email=?
2025-12-07T01:01:03.912+05:30 DEBUG 544 --- [catchy] [nio-8080-exec-1] org.hibernate.SQL                        : 
    select
        u1_0.id,
        u1_0.email,
        u1_0.enabled,
        u1_0.name,
        u1_0.password,
        u1_0.role 
    from
        users u1_0 
    where
        u1_0.email=?
Hibernate: 
    select
        u1_0.id,
        u1_0.email,
        u1_0.enabled,
        u1_0.name,
        u1_0.password,
        u1_0.role 
    from
        users u1_0 
    where
        u1_0.email=?
2025-12-07T01:01:04.347+05:30 DEBUG 544 --- [catchy] [nio-8080-exec-5] org.hibernate.SQL                        : 
    select
        u1_0.id,
        u1_0.email,
        u1_0.enabled,
        u1_0.name,
        u1_0.password,
        u1_0.role 
    from
        users u1_0 
    where
        u1_0.email=?
Hibernate: 
    select
        u1_0.id,
        u1_0.email,
        u1_0.enabled,
        u1_0.name,
        u1_0.password,
        u1_0.role 
    from
        users u1_0 
    where
        u1_0.email=?
2025-12-07T01:01:04.454+05:30 DEBUG 544 --- [catchy] [nio-8080-exec-9] org.hibernate.SQL                        : 
    select
        u1_0.id,
        u1_0.email,
        u1_0.enabled,
        u1_0.name,
        u1_0.password,
        u1_0.role 
    from
        users u1_0 
    where
        u1_0.email=?
2025-12-07T01:01:04.454+05:30 DEBUG 544 --- [catchy] [nio-8080-exec-2] org.hibernate.SQL                        : 
    select
        u1_0.id,
        u1_0.email,
        u1_0.enabled,
        u1_0.name,
        u1_0.password,
        u1_0.role 
    from
        users u1_0 
    where
        u1_0.email=?
Hibernate: 
    select
        u1_0.id,
        u1_0.email,
        u1_0.enabled,
        u1_0.name,
        u1_0.password,
        u1_0.role 
    from
        users u1_0 
    where
        u1_0.email=?
Hibernate: 
    select
        u1_0.id,
        u1_0.email,
        u1_0.enabled,
        u1_0.name,
        u1_0.password,
        u1_0.role 
    from
        users u1_0 
    where
        u1_0.email=?
2025-12-07T01:01:04.469+05:30 DEBUG 544 --- [catchy] [nio-8080-exec-3] org.hibernate.SQL                        : 
    select
        u1_0.id,
        u1_0.email,
        u1_0.enabled,
        u1_0.name,
        u1_0.password,
        u1_0.role 
    from
        users u1_0 
    where
        u1_0.email=?
Hibernate: 
    select
        u1_0.id,
        u1_0.email,
        u1_0.enabled,
        u1_0.name,
        u1_0.password,
        u1_0.role 
    from
        users u1_0 
    where
        u1_0.email=?
2025-12-07T01:01:04.470+05:30 DEBUG 544 --- [catchy] [nio-8080-exec-7] org.hibernate.SQL                        : 
    select
        u1_0.id,
        u1_0.email,
        u1_0.enabled,
        u1_0.name,
        u1_0.password,
        u1_0.role 
    from
        users u1_0 
    where
        u1_0.email=?
Hibernate: 
    select
        u1_0.id,
        u1_0.email,
        u1_0.enabled,
        u1_0.name,
        u1_0.password,
        u1_0.role 
    from
        users u1_0 
    where
        u1_0.email=?
2025-12-07T01:01:04.475+05:30 DEBUG 544 --- [catchy] [nio-8080-exec-3] org.hibernate.SQL                        : 
    select
        u1_0.id,
        u1_0.email,
        u1_0.enabled,
        u1_0.name,
        u1_0.password,
        u1_0.role 
    from
        users u1_0 
    where
        u1_0.email=?
Hibernate: 
    select
        u1_0.id,
        u1_0.email,
        u1_0.enabled,
        u1_0.name,
        u1_0.password,
        u1_0.role 
    from
        users u1_0 
    where
        u1_0.email=?
2025-12-07T01:01:04.475+05:30 DEBUG 544 --- [catchy] [nio-8080-exec-7] org.hibernate.SQL                        : 
    select
        u1_0.id,
        u1_0.email,
        u1_0.enabled,
        u1_0.name,
        u1_0.password,
        u1_0.role 
    from
        users u1_0 
    where
        u1_0.email=?
Hibernate: 
    select
        u1_0.id,
        u1_0.email,
        u1_0.enabled,
        u1_0.name,
        u1_0.password,
        u1_0.role 
    from
        users u1_0 
    where
        u1_0.email=?
2025-12-07T01:01:04.477+05:30 DEBUG 544 --- [catchy] [nio-8080-exec-7] org.hibernate.SQL                        : 
    select
        ci1_0.id,
        ci1_0.product_id,
        ci1_0.quantity,
        ci1_0.user_id 
    from
        cart_items ci1_0 
    where
        ci1_0.user_id=?
Hibernate: 
    select
        ci1_0.id,
        ci1_0.product_id,
        ci1_0.quantity,
        ci1_0.user_id 
    from
        cart_items ci1_0 
    where
        ci1_0.user_id=?
2025-12-07T01:01:04.477+05:30 DEBUG 544 --- [catchy] [nio-8080-exec-3] org.hibernate.SQL                        : 
    select
        wi1_0.id,
        wi1_0.added_at,
        wi1_0.product_id,
        wi1_0.user_id 
    from
        wishlist_items wi1_0 
    where
        wi1_0.user_id=?
Hibernate: 
    select
        wi1_0.id,
        wi1_0.added_at,
        wi1_0.product_id,
        wi1_0.user_id 
    from
        wishlist_items wi1_0 
    where
        wi1_0.user_id=?
2025-12-07T01:01:04.483+05:30 DEBUG 544 --- [catchy] [nio-8080-exec-8] org.hibernate.SQL                        : 
    select
        u1_0.id,
        u1_0.email,
        u1_0.enabled,
        u1_0.name,
        u1_0.password,
        u1_0.role 
    from
        users u1_0 
    where
        u1_0.email=?
Hibernate: 
    select
        u1_0.id,
        u1_0.email,
        u1_0.enabled,
        u1_0.name,
        u1_0.password,
        u1_0.role 
    from
        users u1_0 
    where
        u1_0.email=?
2025-12-07T01:01:04.486+05:30 DEBUG 544 --- [catchy] [nio-8080-exec-8] org.hibernate.SQL                        : 
    select
        u1_0.id,
        u1_0.email,
        u1_0.enabled,
        u1_0.name,
        u1_0.password,
        u1_0.role 
    from
        users u1_0 
    where
        u1_0.email=?
Hibernate: 
    select
        u1_0.id,
        u1_0.email,
        u1_0.enabled,
        u1_0.name,
        u1_0.password,
        u1_0.role 
    from
        users u1_0 
    where
        u1_0.email=?
2025-12-07T01:01:04.488+05:30 DEBUG 544 --- [catchy] [nio-8080-exec-8] org.hibernate.SQL                        : 
    select
        wi1_0.id,
        wi1_0.added_at,
        wi1_0.product_id,
        wi1_0.user_id 
    from
        wishlist_items wi1_0 
    where
        wi1_0.user_id=?
Hibernate: 
    select
        wi1_0.id,
        wi1_0.added_at,
        wi1_0.product_id,
        wi1_0.user_id 
    from
        wishlist_items wi1_0 
    where
        wi1_0.user_id=?
2025-12-07T01:01:04.662+05:30 DEBUG 544 --- [catchy] [io-8080-exec-10] org.hibernate.SQL                        : 
    select
        u1_0.id,
        u1_0.email,
        u1_0.enabled,
        u1_0.name,
        u1_0.password,
        u1_0.role 
    from
        users u1_0 
    where
        u1_0.email=?
Hibernate: 
    select
        u1_0.id,
        u1_0.email,
        u1_0.enabled,
        u1_0.name,
        u1_0.password,
        u1_0.role 
    from
        users u1_0 
    where
        u1_0.email=?
2025-12-07T01:01:06.328+05:30 DEBUG 544 --- [catchy] [nio-8080-exec-4] org.hibernate.SQL                        : 
    select
        u1_0.id,
        u1_0.email,
        u1_0.enabled,
        u1_0.name,
        u1_0.password,
        u1_0.role 
    from
        users u1_0 
    where
        u1_0.email=?
Hibernate: 
    select
        u1_0.id,
        u1_0.email,
        u1_0.enabled,
        u1_0.name,
        u1_0.password,
        u1_0.role 
    from
        users u1_0 
    where
        u1_0.email=?
2025-12-07T01:01:06.383+05:30 DEBUG 544 --- [catchy] [nio-8080-exec-6] org.hibernate.SQL                        : 
    select
        u1_0.id,
        u1_0.email,
        u1_0.enabled,
        u1_0.name,
        u1_0.password,
        u1_0.role 
    from
        users u1_0 
    where
        u1_0.email=?
Hibernate: 
    select
        u1_0.id,
        u1_0.email,
        u1_0.enabled,
        u1_0.name,
        u1_0.password,
        u1_0.role 
    from
        users u1_0 
    where
        u1_0.email=?
2025-12-07T01:01:06.387+05:30 DEBUG 544 --- [catchy] [nio-8080-exec-1] org.hibernate.SQL                        : 
    select
        u1_0.id,
        u1_0.email,
        u1_0.enabled,
        u1_0.name,
        u1_0.password,
        u1_0.role 
    from
        users u1_0 
    where
        u1_0.email=?
Hibernate: 
    select
        u1_0.id,
        u1_0.email,
        u1_0.enabled,
        u1_0.name,
        u1_0.password,
        u1_0.role 
    from
        users u1_0 
    where
        u1_0.email=?
2025-12-07T01:01:06.402+05:30 DEBUG 544 --- [catchy] [nio-8080-exec-2] org.hibernate.SQL                        : 
    select
        u1_0.id,
        u1_0.email,
        u1_0.enabled,
        u1_0.name,
        u1_0.password,
        u1_0.role 
    from
        users u1_0 
    where
        u1_0.email=?
Hibernate: 
    select
        u1_0.id,
        u1_0.email,
        u1_0.enabled,
        u1_0.name,
        u1_0.password,
        u1_0.role 
    from
        users u1_0 
    where
        u1_0.email=?
2025-12-07T01:01:06.402+05:30 DEBUG 544 --- [catchy] [nio-8080-exec-5] org.hibernate.SQL                        : 
    select
        u1_0.id,
        u1_0.email,
        u1_0.enabled,
        u1_0.name,
        u1_0.password,
        u1_0.role 
    from
        users u1_0 
    where
        u1_0.email=?
Hibernate: 
    select
        u1_0.id,
        u1_0.email,
        u1_0.enabled,
        u1_0.name,
        u1_0.password,
        u1_0.role 
    from
        users u1_0 
    where
        u1_0.email=?
2025-12-07T01:01:06.406+05:30 DEBUG 544 --- [catchy] [nio-8080-exec-2] org.hibernate.SQL                        : 
    select
        u1_0.id,
        u1_0.email,
        u1_0.enabled,
        u1_0.name,
        u1_0.password,
        u1_0.role 
    from
        users u1_0 
    where
        u1_0.email=?
Hibernate: 
    select
        u1_0.id,
        u1_0.email,
        u1_0.enabled,
        u1_0.name,
        u1_0.password,
        u1_0.role 
    from
        users u1_0 
    where
        u1_0.email=?
2025-12-07T01:01:06.406+05:30 DEBUG 544 --- [catchy] [nio-8080-exec-5] org.hibernate.SQL                        : 
    select
        u1_0.id,
        u1_0.email,
        u1_0.enabled,
        u1_0.name,
        u1_0.password,
        u1_0.role 
    from
        users u1_0 
    where
        u1_0.email=?
Hibernate: 
    select
        u1_0.id,
        u1_0.email,
        u1_0.enabled,
        u1_0.name,
        u1_0.password,
        u1_0.role 
    from
        users u1_0 
    where
        u1_0.email=?
2025-12-07T01:01:06.409+05:30 DEBUG 544 --- [catchy] [nio-8080-exec-5] org.hibernate.SQL                        : 
    select
        ci1_0.id,
        ci1_0.product_id,
        ci1_0.quantity,
        ci1_0.user_id 
    from
        cart_items ci1_0 
    where
        ci1_0.user_id=?
Hibernate: 
    select
        ci1_0.id,
        ci1_0.product_id,
        ci1_0.quantity,
        ci1_0.user_id 
    from
        cart_items ci1_0 
    where
        ci1_0.user_id=?
2025-12-07T01:01:06.409+05:30 DEBUG 544 --- [catchy] [nio-8080-exec-2] org.hibernate.SQL                        : 
    select
        wi1_0.id,
        wi1_0.added_at,
        wi1_0.product_id,
        wi1_0.user_id 
    from
        wishlist_items wi1_0 
    where
        wi1_0.user_id=?
Hibernate: 
    select
        wi1_0.id,
        wi1_0.added_at,
        wi1_0.product_id,
        wi1_0.user_id 
    from
        wishlist_items wi1_0 
    where
        wi1_0.user_id=?
2025-12-07T01:01:06.416+05:30 DEBUG 544 --- [catchy] [nio-8080-exec-9] org.hibernate.SQL                        : 
    select
        u1_0.id,
        u1_0.email,
        u1_0.enabled,
        u1_0.name,
        u1_0.password,
        u1_0.role 
    from
        users u1_0 
    where
        u1_0.email=?
Hibernate: 
    select
        u1_0.id,
        u1_0.email,
        u1_0.enabled,
        u1_0.name,
        u1_0.password,
        u1_0.role 
    from
        users u1_0 
    where
        u1_0.email=?
2025-12-07T01:01:06.419+05:30 DEBUG 544 --- [catchy] [nio-8080-exec-9] org.hibernate.SQL                        : 
    select
        u1_0.id,
        u1_0.email,
        u1_0.enabled,
        u1_0.name,
        u1_0.password,
        u1_0.role 
    from
        users u1_0 
    where
        u1_0.email=?
Hibernate: 
    select
        u1_0.id,
        u1_0.email,
        u1_0.enabled,
        u1_0.name,
        u1_0.password,
        u1_0.role 
    from
        users u1_0 
    where
        u1_0.email=?
2025-12-07T01:01:06.423+05:30 DEBUG 544 --- [catchy] [nio-8080-exec-9] org.hibernate.SQL                        : 
    select
        wi1_0.id,
        wi1_0.added_at,
        wi1_0.product_id,
        wi1_0.user_id 
    from
        wishlist_items wi1_0 
    where
        wi1_0.user_id=?
Hibernate: 
    select
        wi1_0.id,
        wi1_0.added_at,
        wi1_0.product_id,
        wi1_0.user_id 
    from
        wishlist_items wi1_0 
    where
        wi1_0.user_id=?
2025-12-07T01:01:06.523+05:30 DEBUG 544 --- [catchy] [nio-8080-exec-3] org.hibernate.SQL                        : 
    select
        u1_0.id,
        u1_0.email,
        u1_0.enabled,
        u1_0.name,
        u1_0.password,
        u1_0.role 
    from
        users u1_0 
    where
        u1_0.email=?
Hibernate: 
    select
        u1_0.id,
        u1_0.email,
        u1_0.enabled,
        u1_0.name,
        u1_0.password,
        u1_0.role 
    from
        users u1_0 
    where
        u1_0.email=?
2025-12-07T01:01:22.836+05:30 DEBUG 544 --- [catchy] [nio-8080-exec-4] org.hibernate.SQL                        : 
    select
        u1_0.id,
        u1_0.email,
        u1_0.enabled,
        u1_0.name,
        u1_0.password,
        u1_0.role 
    from
        users u1_0 
    where
        u1_0.email=?
Hibernate: 
    select
        u1_0.id,
        u1_0.email,
        u1_0.enabled,
        u1_0.name,
        u1_0.password,
        u1_0.role 
    from
        users u1_0 
    where
        u1_0.email=?
2025-12-07T01:01:22.846+05:30 DEBUG 544 --- [catchy] [nio-8080-exec-4] org.hibernate.SQL                        : 
    select
        u1_0.id,
        u1_0.email,
        u1_0.enabled,
        u1_0.name,
        u1_0.password,
        u1_0.role 
    from
        users u1_0 
    where
        u1_0.email=?
Hibernate: 
    select
        u1_0.id,
        u1_0.email,
        u1_0.enabled,
        u1_0.name,
        u1_0.password,
        u1_0.role 
    from
        users u1_0 
    where
        u1_0.email=?
2025-12-07T01:01:22.969+05:30 DEBUG 544 --- [catchy] [nio-8080-exec-4] org.hibernate.SQL                        : 
    select
        u1_0.id,
        u1_0.email,
        u1_0.enabled,
        u1_0.name,
        u1_0.password,
        u1_0.role 
    from
        users u1_0 
    where
        u1_0.email=?
Hibernate: 
    select
        u1_0.id,
        u1_0.email,
        u1_0.enabled,
        u1_0.name,
        u1_0.password,
        u1_0.role 
    from
        users u1_0 
    where
        u1_0.email=?
2025-12-07T01:01:22.975+05:30 DEBUG 544 --- [catchy] [nio-8080-exec-4] org.hibernate.SQL                        : 
    select
        u1_0.id,
        u1_0.email,
        u1_0.enabled,
        u1_0.name,
        u1_0.password,
        u1_0.role 
    from
        users u1_0 
    where
        u1_0.email=?
Hibernate: 
    select
        u1_0.id,
        u1_0.email,
        u1_0.enabled,
        u1_0.name,
        u1_0.password,
        u1_0.role 
    from
        users u1_0 
    where
        u1_0.email=?
2025-12-07T01:01:23.526+05:30 DEBUG 544 --- [catchy] [nio-8080-exec-1] org.hibernate.SQL                        : 
    select
        u1_0.id,
        u1_0.email,
        u1_0.enabled,
        u1_0.name,
        u1_0.password,
        u1_0.role 
    from
        users u1_0 
    where
        u1_0.email=?
Hibernate: 
    select
        u1_0.id,
        u1_0.email,
        u1_0.enabled,
        u1_0.name,
        u1_0.password,
        u1_0.role 
    from
        users u1_0 
    where
        u1_0.email=?
2025-12-07T01:01:23.532+05:30 DEBUG 544 --- [catchy] [nio-8080-exec-1] org.hibernate.SQL                        : 
    select
        u1_0.id,
        u1_0.email,
        u1_0.enabled,
        u1_0.name,
        u1_0.password,
        u1_0.role 
    from
        users u1_0 
    where
        u1_0.email=?
Hibernate: 
    select
        u1_0.id,
        u1_0.email,
        u1_0.enabled,
        u1_0.name,
        u1_0.password,
        u1_0.role 
    from
        users u1_0 
    where
        u1_0.email=?
2025-12-07T01:01:23.598+05:30 DEBUG 544 --- [catchy] [nio-8080-exec-2] org.hibernate.SQL                        : 
    select
        u1_0.id,
        u1_0.email,
        u1_0.enabled,
        u1_0.name,
        u1_0.password,
        u1_0.role 
    from
        users u1_0 
    where
        u1_0.email=?
Hibernate: 
    select
        u1_0.id,
        u1_0.email,
        u1_0.enabled,
        u1_0.name,
        u1_0.password,
        u1_0.role 
    from
        users u1_0 
    where
        u1_0.email=?
2025-12-07T01:01:23.602+05:30 DEBUG 544 --- [catchy] [nio-8080-exec-5] org.hibernate.SQL                        : 
    select
        u1_0.id,
        u1_0.email,
        u1_0.enabled,
        u1_0.name,
        u1_0.password,
        u1_0.role 
    from
        users u1_0 
    where
        u1_0.email=?
Hibernate: 
    select
        u1_0.id,
        u1_0.email,
        u1_0.enabled,
        u1_0.name,
        u1_0.password,
        u1_0.role 
    from
        users u1_0 
    where
        u1_0.email=?
2025-12-07T01:01:23.655+05:30 DEBUG 544 --- [catchy] [nio-8080-exec-9] org.hibernate.SQL                        : 
    select
        u1_0.id,
        u1_0.email,
        u1_0.enabled,
        u1_0.name,
        u1_0.password,
        u1_0.role 
    from
        users u1_0 
    where
        u1_0.email=?
Hibernate: 
    select
        u1_0.id,
        u1_0.email,
        u1_0.enabled,
        u1_0.name,
        u1_0.password,
        u1_0.role 
    from
        users u1_0 
    where
        u1_0.email=?
2025-12-07T01:01:23.662+05:30 DEBUG 544 --- [catchy] [nio-8080-exec-3] org.hibernate.SQL                        : 
    select
        u1_0.id,
        u1_0.email,
        u1_0.enabled,
        u1_0.name,
        u1_0.password,
        u1_0.role 
    from
        users u1_0 
    where
        u1_0.email=?
Hibernate: 
    select
        u1_0.id,
        u1_0.email,
        u1_0.enabled,
        u1_0.name,
        u1_0.password,
        u1_0.role 
    from
        users u1_0 
    where
        u1_0.email=?
2025-12-07T01:01:23.664+05:30 DEBUG 544 --- [catchy] [nio-8080-exec-7] org.hibernate.SQL                        : 
    select
        u1_0.id,
        u1_0.email,
        u1_0.enabled,
        u1_0.name,
        u1_0.password,
        u1_0.role 
    from
        users u1_0 
    where
        u1_0.email=?
Hibernate: 
    select
        u1_0.id,
        u1_0.email,
        u1_0.enabled,
        u1_0.name,
        u1_0.password,
        u1_0.role 
    from
        users u1_0 
    where
        u1_0.email=?
2025-12-07T01:01:23.672+05:30 DEBUG 544 --- [catchy] [nio-8080-exec-9] org.hibernate.SQL                        : 
    select
        u1_0.id,
        u1_0.email,
        u1_0.enabled,
        u1_0.name,
        u1_0.password,
        u1_0.role 
    from
        users u1_0 
    where
        u1_0.email=?
Hibernate: 
    select
        u1_0.id,
        u1_0.email,
        u1_0.enabled,
        u1_0.name,
        u1_0.password,
        u1_0.role 
    from
        users u1_0 
    where
        u1_0.email=?
2025-12-07T01:01:23.673+05:30 DEBUG 544 --- [catchy] [nio-8080-exec-3] org.hibernate.SQL                        : 
    select
        u1_0.id,
        u1_0.email,
        u1_0.enabled,
        u1_0.name,
        u1_0.password,
        u1_0.role 
    from
        users u1_0 
    where
        u1_0.email=?
Hibernate: 
    select
        u1_0.id,
        u1_0.email,
        u1_0.enabled,
        u1_0.name,
        u1_0.password,
        u1_0.role 
    from
        users u1_0 
    where
        u1_0.email=?
2025-12-07T01:01:23.677+05:30 DEBUG 544 --- [catchy] [nio-8080-exec-7] org.hibernate.SQL                        : 
    select
        p1_0.id,
        p1_0.category,
        p1_0.description,
        p1_0.image_url,
        p1_0.name,
        p1_0.price,
        p1_0.stock 
    from
        products p1_0
Hibernate: 
    select
        p1_0.id,
        p1_0.category,
        p1_0.description,
        p1_0.image_url,
        p1_0.name,
        p1_0.price,
        p1_0.stock 
    from
        products p1_0
2025-12-07T01:01:23.675+05:30 DEBUG 544 --- [catchy] [nio-8080-exec-9] org.hibernate.SQL                        : 
    select
        ci1_0.id,
        ci1_0.product_id,
        ci1_0.quantity,
        ci1_0.user_id 
    from
        cart_items ci1_0 
    where
        ci1_0.user_id=?
Hibernate: 
    select
        ci1_0.id,
        ci1_0.product_id,
        ci1_0.quantity,
        ci1_0.user_id 
    from
        cart_items ci1_0 
    where
        ci1_0.user_id=?
2025-12-07T01:01:23.679+05:30 DEBUG 544 --- [catchy] [nio-8080-exec-3] org.hibernate.SQL                        : 
    select
        wi1_0.id,
        wi1_0.added_at,
        wi1_0.product_id,
        wi1_0.user_id 
    from
        wishlist_items wi1_0 
    where
        wi1_0.user_id=?
Hibernate: 
    select
        wi1_0.id,
        wi1_0.added_at,
        wi1_0.product_id,
        wi1_0.user_id 
    from
        wishlist_items wi1_0 
    where
        wi1_0.user_id=?
2025-12-07T01:01:23.689+05:30 DEBUG 544 --- [catchy] [nio-8080-exec-8] org.hibernate.SQL                        : 
    select
        u1_0.id,
        u1_0.email,
        u1_0.enabled,
        u1_0.name,
        u1_0.password,
        u1_0.role 
    from
        users u1_0 
    where
        u1_0.email=?
Hibernate: 
    select
        u1_0.id,
        u1_0.email,
        u1_0.enabled,
        u1_0.name,
        u1_0.password,
        u1_0.role 
    from
        users u1_0 
    where
        u1_0.email=?
2025-12-07T01:01:23.693+05:30 DEBUG 544 --- [catchy] [io-8080-exec-10] org.hibernate.SQL                        : 
    select
        u1_0.id,
        u1_0.email,
        u1_0.enabled,
        u1_0.name,
        u1_0.password,
        u1_0.role 
    from
        users u1_0 
    where
        u1_0.email=?
Hibernate: 
    select
        u1_0.id,
        u1_0.email,
        u1_0.enabled,
        u1_0.name,
        u1_0.password,
        u1_0.role 
    from
        users u1_0 
    where
        u1_0.email=?
2025-12-07T01:01:23.696+05:30 DEBUG 544 --- [catchy] [nio-8080-exec-8] org.hibernate.SQL                        : 
    select
        u1_0.id,
        u1_0.email,
        u1_0.enabled,
        u1_0.name,
        u1_0.password,
        u1_0.role 
    from
        users u1_0 
    where
        u1_0.email=?
Hibernate: 
    select
        u1_0.id,
        u1_0.email,
        u1_0.enabled,
        u1_0.name,
        u1_0.password,
        u1_0.role 
    from
        users u1_0 
    where
        u1_0.email=?
2025-12-07T01:01:23.697+05:30 DEBUG 544 --- [catchy] [io-8080-exec-10] org.hibernate.SQL                        : 
    select
        u1_0.id,
        u1_0.email,
        u1_0.enabled,
        u1_0.name,
        u1_0.password,
        u1_0.role 
    from
        users u1_0 
    where
        u1_0.email=?
Hibernate: 
    select
        u1_0.id,
        u1_0.email,
        u1_0.enabled,
        u1_0.name,
        u1_0.password,
        u1_0.role 
    from
        users u1_0 
    where
        u1_0.email=?
2025-12-07T01:01:23.698+05:30 DEBUG 544 --- [catchy] [nio-8080-exec-8] org.hibernate.SQL                        : 
    select
        ci1_0.id,
        ci1_0.product_id,
        ci1_0.quantity,
        ci1_0.user_id 
    from
        cart_items ci1_0 
    where
        ci1_0.user_id=?
Hibernate: 
    select
        ci1_0.id,
        ci1_0.product_id,
        ci1_0.quantity,
        ci1_0.user_id 
    from
        cart_items ci1_0 
    where
        ci1_0.user_id=?
2025-12-07T01:01:23.701+05:30 DEBUG 544 --- [catchy] [io-8080-exec-10] org.hibernate.SQL                        : 
    select
        wi1_0.id,
        wi1_0.added_at,
        wi1_0.product_id,
        wi1_0.user_id 
    from
        wishlist_items wi1_0 
    where
        wi1_0.user_id=?
Hibernate: 
    select
        wi1_0.id,
        wi1_0.added_at,
        wi1_0.product_id,
        wi1_0.user_id 
    from
        wishlist_items wi1_0 
    where
        wi1_0.user_id=?
2025-12-07T01:01:23.710+05:30 DEBUG 544 --- [catchy] [nio-8080-exec-4] org.hibernate.SQL                        : 
    select
        u1_0.id,
        u1_0.email,
        u1_0.enabled,
        u1_0.name,
        u1_0.password,
        u1_0.role 
    from
        users u1_0 
    where
        u1_0.email=?
Hibernate: 
    select
        u1_0.id,
        u1_0.email,
        u1_0.enabled,
        u1_0.name,
        u1_0.password,
        u1_0.role 
    from
        users u1_0 
    where
        u1_0.email=?
2025-12-07T01:01:23.718+05:30 DEBUG 544 --- [catchy] [nio-8080-exec-4] org.hibernate.SQL                        : 
    select
        u1_0.id,
        u1_0.email,
        u1_0.enabled,
        u1_0.name,
        u1_0.password,
        u1_0.role 
    from
        users u1_0 
    where
        u1_0.email=?
Hibernate: 
    select
        u1_0.id,
        u1_0.email,
        u1_0.enabled,
        u1_0.name,
        u1_0.password,
        u1_0.role 
    from
        users u1_0 
    where
        u1_0.email=?
2025-12-07T01:01:23.722+05:30 DEBUG 544 --- [catchy] [nio-8080-exec-4] org.hibernate.SQL                        : 
    select
        wi1_0.id,
        wi1_0.added_at,
        wi1_0.product_id,
        wi1_0.user_id 
    from
        wishlist_items wi1_0 
    where
        wi1_0.user_id=?
Hibernate: 
    select
        wi1_0.id,
        wi1_0.added_at,
        wi1_0.product_id,
        wi1_0.user_id 
    from
        wishlist_items wi1_0 
    where
        wi1_0.user_id=?
2025-12-07T01:01:23.840+05:30 DEBUG 544 --- [catchy] [nio-8080-exec-6] org.hibernate.SQL                        : 
    select
        u1_0.id,
        u1_0.email,
        u1_0.enabled,
        u1_0.name,
        u1_0.password,
        u1_0.role 
    from
        users u1_0 
    where
        u1_0.email=?
Hibernate: 
    select
        u1_0.id,
        u1_0.email,
        u1_0.enabled,
        u1_0.name,
        u1_0.password,
        u1_0.role 
    from
        users u1_0 
    where
        u1_0.email=?
2025-12-07T01:01:25.861+05:30 DEBUG 544 --- [catchy] [nio-8080-exec-1] org.hibernate.SQL                        : 
    select
        u1_0.id,
        u1_0.email,
        u1_0.enabled,
        u1_0.name,
        u1_0.password,
        u1_0.role 
    from
        users u1_0 
    where
        u1_0.email=?
Hibernate: 
    select
        u1_0.id,
        u1_0.email,
        u1_0.enabled,
        u1_0.name,
        u1_0.password,
        u1_0.role 
    from
        users u1_0 
    where
        u1_0.email=?
2025-12-07T01:01:25.865+05:30 DEBUG 544 --- [catchy] [nio-8080-exec-1] org.hibernate.SQL                        : 
    select
        u1_0.id,
        u1_0.email,
        u1_0.enabled,
        u1_0.name,
        u1_0.password,
        u1_0.role 
    from
        users u1_0 
    where
        u1_0.email=?
Hibernate: 
    select
        u1_0.id,
        u1_0.email,
        u1_0.enabled,
        u1_0.name,
        u1_0.password,
        u1_0.role 
    from
        users u1_0 
    where
        u1_0.email=?
2025-12-07T01:01:25.931+05:30 DEBUG 544 --- [catchy] [nio-8080-exec-2] org.hibernate.SQL                        : 
    select
        u1_0.id,
        u1_0.email,
        u1_0.enabled,
        u1_0.name,
        u1_0.password,
        u1_0.role 
    from
        users u1_0 
    where
        u1_0.email=?
Hibernate: 
    select
        u1_0.id,
        u1_0.email,
        u1_0.enabled,
        u1_0.name,
        u1_0.password,
        u1_0.role 
    from
        users u1_0 
    where
        u1_0.email=?
2025-12-07T01:01:25.934+05:30 DEBUG 544 --- [catchy] [nio-8080-exec-5] org.hibernate.SQL                        : 
    select
        u1_0.id,
        u1_0.email,
        u1_0.enabled,
        u1_0.name,
        u1_0.password,
        u1_0.role 
    from
        users u1_0 
    where
        u1_0.email=?
Hibernate: 
    select
        u1_0.id,
        u1_0.email,
        u1_0.enabled,
        u1_0.name,
        u1_0.password,
        u1_0.role 
    from
        users u1_0 
    where
        u1_0.email=?
2025-12-07T01:01:25.951+05:30 DEBUG 544 --- [catchy] [nio-8080-exec-3] org.hibernate.SQL                        : 
    select
        u1_0.id,
        u1_0.email,
        u1_0.enabled,
        u1_0.name,
        u1_0.password,
        u1_0.role 
    from
        users u1_0 
    where
        u1_0.email=?
Hibernate: 
    select
        u1_0.id,
        u1_0.email,
        u1_0.enabled,
        u1_0.name,
        u1_0.password,
        u1_0.role 
    from
        users u1_0 
    where
        u1_0.email=?
2025-12-07T01:01:25.951+05:30 DEBUG 544 --- [catchy] [nio-8080-exec-9] org.hibernate.SQL                        : 
    select
        u1_0.id,
        u1_0.email,
        u1_0.enabled,
        u1_0.name,
        u1_0.password,
        u1_0.role 
    from
        users u1_0 
    where
        u1_0.email=?
Hibernate: 
    select
        u1_0.id,
        u1_0.email,
        u1_0.enabled,
        u1_0.name,
        u1_0.password,
        u1_0.role 
    from
        users u1_0 
    where
        u1_0.email=?
2025-12-07T01:01:25.954+05:30 DEBUG 544 --- [catchy] [nio-8080-exec-9] org.hibernate.SQL                        : 
    select
        u1_0.id,
        u1_0.email,
        u1_0.enabled,
        u1_0.name,
        u1_0.password,
        u1_0.role 
    from
        users u1_0 
    where
        u1_0.email=?
Hibernate: 
    select
        u1_0.id,
        u1_0.email,
        u1_0.enabled,
        u1_0.name,
        u1_0.password,
        u1_0.role 
    from
        users u1_0 
    where
        u1_0.email=?
2025-12-07T01:01:25.954+05:30 DEBUG 544 --- [catchy] [nio-8080-exec-3] org.hibernate.SQL                        : 
    select
        u1_0.id,
        u1_0.email,
        u1_0.enabled,
        u1_0.name,
        u1_0.password,
        u1_0.role 
    from
        users u1_0 
    where
        u1_0.email=?
Hibernate: 
    select
        u1_0.id,
        u1_0.email,
        u1_0.enabled,
        u1_0.name,
        u1_0.password,
        u1_0.role 
    from
        users u1_0 
    where
        u1_0.email=?
2025-12-07T01:01:25.956+05:30 DEBUG 544 --- [catchy] [nio-8080-exec-9] org.hibernate.SQL                        : 
    select
        ci1_0.id,
        ci1_0.product_id,
        ci1_0.quantity,
        ci1_0.user_id 
    from
        cart_items ci1_0 
    where
        ci1_0.user_id=?
Hibernate: 
    select
        ci1_0.id,
        ci1_0.product_id,
        ci1_0.quantity,
        ci1_0.user_id 
    from
        cart_items ci1_0 
    where
        ci1_0.user_id=?
2025-12-07T01:01:25.956+05:30 DEBUG 544 --- [catchy] [nio-8080-exec-3] org.hibernate.SQL                        : 
    select
        wi1_0.id,
        wi1_0.added_at,
        wi1_0.product_id,
        wi1_0.user_id 
    from
        wishlist_items wi1_0 
    where
        wi1_0.user_id=?
Hibernate: 
    select
        wi1_0.id,
        wi1_0.added_at,
        wi1_0.product_id,
        wi1_0.user_id 
    from
        wishlist_items wi1_0 
    where
        wi1_0.user_id=?
2025-12-07T01:01:25.962+05:30 DEBUG 544 --- [catchy] [nio-8080-exec-7] org.hibernate.SQL                        : 
    select
        u1_0.id,
        u1_0.email,
        u1_0.enabled,
        u1_0.name,
        u1_0.password,
        u1_0.role 
    from
        users u1_0 
    where
        u1_0.email=?
Hibernate: 
    select
        u1_0.id,
        u1_0.email,
        u1_0.enabled,
        u1_0.name,
        u1_0.password,
        u1_0.role 
    from
        users u1_0 
    where
        u1_0.email=?
2025-12-07T01:01:25.967+05:30 DEBUG 544 --- [catchy] [nio-8080-exec-7] org.hibernate.SQL                        : 
    select
        u1_0.id,
        u1_0.email,
        u1_0.enabled,
        u1_0.name,
        u1_0.password,
        u1_0.role 
    from
        users u1_0 
    where
        u1_0.email=?
Hibernate: 
    select
        u1_0.id,
        u1_0.email,
        u1_0.enabled,
        u1_0.name,
        u1_0.password,
        u1_0.role 
    from
        users u1_0 
    where
        u1_0.email=?
2025-12-07T01:01:25.970+05:30 DEBUG 544 --- [catchy] [nio-8080-exec-7] org.hibernate.SQL                        : 
    select
        wi1_0.id,
        wi1_0.added_at,
        wi1_0.product_id,
        wi1_0.user_id 
    from
        wishlist_items wi1_0 
    where
        wi1_0.user_id=?
Hibernate: 
    select
        wi1_0.id,
        wi1_0.added_at,
        wi1_0.product_id,
        wi1_0.user_id 
    from
        wishlist_items wi1_0 
    where
        wi1_0.user_id=?
2025-12-07T01:01:26.083+05:30 DEBUG 544 --- [catchy] [nio-8080-exec-8] org.hibernate.SQL                        : 
    select
        u1_0.id,
        u1_0.email,
        u1_0.enabled,
        u1_0.name,
        u1_0.password,
        u1_0.role 
    from
        users u1_0 
    where
        u1_0.email=?
Hibernate: 
    select
        u1_0.id,
        u1_0.email,
        u1_0.enabled,
        u1_0.name,
        u1_0.password,
        u1_0.role 
    from
        users u1_0 
    where
        u1_0.email=?
2025-12-07T01:02:14.872+05:30 DEBUG 544 --- [catchy] [nio-8080-exec-1] org.hibernate.SQL                        : 
    select
        u1_0.id,
        u1_0.email,
        u1_0.enabled,
        u1_0.name,
        u1_0.password,
        u1_0.role 
    from
        users u1_0 
    where
        u1_0.email=?
Hibernate: 
    select
        u1_0.id,
        u1_0.email,
        u1_0.enabled,
        u1_0.name,
        u1_0.password,
        u1_0.role 
    from
        users u1_0 
    where
        u1_0.email=?
2025-12-07T01:02:14.876+05:30 DEBUG 544 --- [catchy] [nio-8080-exec-1] org.hibernate.SQL                        : 
    select
        u1_0.id,
        u1_0.email,
        u1_0.enabled,
        u1_0.name,
        u1_0.password,
        u1_0.role 
    from
        users u1_0 
    where
        u1_0.email=?
Hibernate: 
    select
        u1_0.id,
        u1_0.email,
        u1_0.enabled,
        u1_0.name,
        u1_0.password,
        u1_0.role 
    from
        users u1_0 
    where
        u1_0.email=?
2025-12-07T01:02:14.940+05:30 DEBUG 544 --- [catchy] [nio-8080-exec-2] org.hibernate.SQL                        : 
    select
        u1_0.id,
        u1_0.email,
        u1_0.enabled,
        u1_0.name,
        u1_0.password,
        u1_0.role 
    from
        users u1_0 
    where
        u1_0.email=?
Hibernate: 
    select
        u1_0.id,
        u1_0.email,
        u1_0.enabled,
        u1_0.name,
        u1_0.password,
        u1_0.role 
    from
        users u1_0 
    where
        u1_0.email=?
2025-12-07T01:02:14.946+05:30 DEBUG 544 --- [catchy] [nio-8080-exec-5] org.hibernate.SQL                        : 
    select
        u1_0.id,
        u1_0.email,
        u1_0.enabled,
        u1_0.name,
        u1_0.password,
        u1_0.role 
    from
        users u1_0 
    where
        u1_0.email=?
Hibernate: 
    select
        u1_0.id,
        u1_0.email,
        u1_0.enabled,
        u1_0.name,
        u1_0.password,
        u1_0.role 
    from
        users u1_0 
    where
        u1_0.email=?
2025-12-07T01:02:14.970+05:30 DEBUG 544 --- [catchy] [nio-8080-exec-3] org.hibernate.SQL                        : 
    select
        u1_0.id,
        u1_0.email,
        u1_0.enabled,
        u1_0.name,
        u1_0.password,
        u1_0.role 
    from
        users u1_0 
    where
        u1_0.email=?
Hibernate: 
    select
        u1_0.id,
        u1_0.email,
        u1_0.enabled,
        u1_0.name,
        u1_0.password,
        u1_0.role 
    from
        users u1_0 
    where
        u1_0.email=?
2025-12-07T01:02:14.974+05:30 DEBUG 544 --- [catchy] [nio-8080-exec-9] org.hibernate.SQL                        : 
    select
        u1_0.id,
        u1_0.email,
        u1_0.enabled,
        u1_0.name,
        u1_0.password,
        u1_0.role 
    from
        users u1_0 
    where
        u1_0.email=?
Hibernate: 
    select
        u1_0.id,
        u1_0.email,
        u1_0.enabled,
        u1_0.name,
        u1_0.password,
        u1_0.role 
    from
        users u1_0 
    where
        u1_0.email=?
2025-12-07T01:02:14.976+05:30 DEBUG 544 --- [catchy] [nio-8080-exec-7] org.hibernate.SQL                        : 
    select
        u1_0.id,
        u1_0.email,
        u1_0.enabled,
        u1_0.name,
        u1_0.password,
        u1_0.role 
    from
        users u1_0 
    where
        u1_0.email=?
Hibernate: 
    select
        u1_0.id,
        u1_0.email,
        u1_0.enabled,
        u1_0.name,
        u1_0.password,
        u1_0.role 
    from
        users u1_0 
    where
        u1_0.email=?
2025-12-07T01:02:14.979+05:30 DEBUG 544 --- [catchy] [nio-8080-exec-3] org.hibernate.SQL                        : 
    select
        u1_0.id,
        u1_0.email,
        u1_0.enabled,
        u1_0.name,
        u1_0.password,
        u1_0.role 
    from
        users u1_0 
    where
        u1_0.email=?
Hibernate: 
    select
        u1_0.id,
        u1_0.email,
        u1_0.enabled,
        u1_0.name,
        u1_0.password,
        u1_0.role 
    from
        users u1_0 
    where
        u1_0.email=?
2025-12-07T01:02:14.983+05:30 DEBUG 544 --- [catchy] [nio-8080-exec-9] org.hibernate.SQL                        : 
    select
        u1_0.id,
        u1_0.email,
        u1_0.enabled,
        u1_0.name,
        u1_0.password,
        u1_0.role 
    from
        users u1_0 
    where
        u1_0.email=?
Hibernate: 
    select
        u1_0.id,
        u1_0.email,
        u1_0.enabled,
        u1_0.name,
        u1_0.password,
        u1_0.role 
    from
        users u1_0 
    where
        u1_0.email=?
2025-12-07T01:02:14.984+05:30 DEBUG 544 --- [catchy] [nio-8080-exec-3] org.hibernate.SQL                        : 
    select
        ci1_0.id,
        ci1_0.product_id,
        ci1_0.quantity,
        ci1_0.user_id 
    from
        cart_items ci1_0 
    where
        ci1_0.user_id=?
Hibernate: 
    select
        ci1_0.id,
        ci1_0.product_id,
        ci1_0.quantity,
        ci1_0.user_id 
    from
        cart_items ci1_0 
    where
        ci1_0.user_id=?
2025-12-07T01:02:14.986+05:30 DEBUG 544 --- [catchy] [nio-8080-exec-7] org.hibernate.SQL                        : 
    select
        p1_0.id,
        p1_0.category,
        p1_0.description,
        p1_0.image_url,
        p1_0.name,
        p1_0.price,
        p1_0.stock 
    from
        products p1_0
Hibernate: 
    select
        p1_0.id,
        p1_0.category,
        p1_0.description,
        p1_0.image_url,
        p1_0.name,
        p1_0.price,
        p1_0.stock 
    from
        products p1_0
2025-12-07T01:02:14.992+05:30 DEBUG 544 --- [catchy] [nio-8080-exec-9] org.hibernate.SQL                        : 
    select
        wi1_0.id,
        wi1_0.added_at,
        wi1_0.product_id,
        wi1_0.user_id 
    from
        wishlist_items wi1_0 
    where
        wi1_0.user_id=?
Hibernate: 
    select
        wi1_0.id,
        wi1_0.added_at,
        wi1_0.product_id,
        wi1_0.user_id 
    from
        wishlist_items wi1_0 
    where
        wi1_0.user_id=?
2025-12-07T01:02:14.996+05:30 DEBUG 544 --- [catchy] [nio-8080-exec-8] org.hibernate.SQL                        : 
    select
        u1_0.id,
        u1_0.email,
        u1_0.enabled,
        u1_0.name,
        u1_0.password,
        u1_0.role 
    from
        users u1_0 
    where
        u1_0.email=?
Hibernate: 
    select
        u1_0.id,
        u1_0.email,
        u1_0.enabled,
        u1_0.name,
        u1_0.password,
        u1_0.role 
    from
        users u1_0 
    where
        u1_0.email=?
2025-12-07T01:02:15.000+05:30 DEBUG 544 --- [catchy] [io-8080-exec-10] org.hibernate.SQL                        : 
    select
        u1_0.id,
        u1_0.email,
        u1_0.enabled,
        u1_0.name,
        u1_0.password,
        u1_0.role 
    from
        users u1_0 
    where
        u1_0.email=?
Hibernate: 
    select
        u1_0.id,
        u1_0.email,
        u1_0.enabled,
        u1_0.name,
        u1_0.password,
        u1_0.role 
    from
        users u1_0 
    where
        u1_0.email=?
2025-12-07T01:02:15.004+05:30 DEBUG 544 --- [catchy] [nio-8080-exec-8] org.hibernate.SQL                        : 
    select
        u1_0.id,
        u1_0.email,
        u1_0.enabled,
        u1_0.name,
        u1_0.password,
        u1_0.role 
    from
        users u1_0 
    where
        u1_0.email=?
Hibernate: 
    select
        u1_0.id,
        u1_0.email,
        u1_0.enabled,
        u1_0.name,
        u1_0.password,
        u1_0.role 
    from
        users u1_0 
    where
        u1_0.email=?
2025-12-07T01:02:15.005+05:30 DEBUG 544 --- [catchy] [io-8080-exec-10] org.hibernate.SQL                        : 
    select
        u1_0.id,
        u1_0.email,
        u1_0.enabled,
        u1_0.name,
        u1_0.password,
        u1_0.role 
    from
        users u1_0 
    where
        u1_0.email=?
Hibernate: 
    select
        u1_0.id,
        u1_0.email,
        u1_0.enabled,
        u1_0.name,
        u1_0.password,
        u1_0.role 
    from
        users u1_0 
    where
        u1_0.email=?
2025-12-07T01:02:15.006+05:30 DEBUG 544 --- [catchy] [nio-8080-exec-8] org.hibernate.SQL                        : 
    select
        ci1_0.id,
        ci1_0.product_id,
        ci1_0.quantity,
        ci1_0.user_id 
    from
        cart_items ci1_0 
    where
        ci1_0.user_id=?
Hibernate: 
    select
        ci1_0.id,
        ci1_0.product_id,
        ci1_0.quantity,
        ci1_0.user_id 
    from
        cart_items ci1_0 
    where
        ci1_0.user_id=?
2025-12-07T01:02:15.007+05:30 DEBUG 544 --- [catchy] [io-8080-exec-10] org.hibernate.SQL                        : 
    select
        wi1_0.id,
        wi1_0.added_at,
        wi1_0.product_id,
        wi1_0.user_id 
    from
        wishlist_items wi1_0 
    where
        wi1_0.user_id=?
Hibernate: 
    select
        wi1_0.id,
        wi1_0.added_at,
        wi1_0.product_id,
        wi1_0.user_id 
    from
        wishlist_items wi1_0 
    where
        wi1_0.user_id=?
2025-12-07T01:02:15.015+05:30 DEBUG 544 --- [catchy] [nio-8080-exec-4] org.hibernate.SQL                        : 
    select
        u1_0.id,
        u1_0.email,
        u1_0.enabled,
        u1_0.name,
        u1_0.password,
        u1_0.role 
    from
        users u1_0 
    where
        u1_0.email=?
Hibernate: 
    select
        u1_0.id,
        u1_0.email,
        u1_0.enabled,
        u1_0.name,
        u1_0.password,
        u1_0.role 
    from
        users u1_0 
    where
        u1_0.email=?
2025-12-07T01:02:15.019+05:30 DEBUG 544 --- [catchy] [nio-8080-exec-4] org.hibernate.SQL                        : 
    select
        u1_0.id,
        u1_0.email,
        u1_0.enabled,
        u1_0.name,
        u1_0.password,
        u1_0.role 
    from
        users u1_0 
    where
        u1_0.email=?
Hibernate: 
    select
        u1_0.id,
        u1_0.email,
        u1_0.enabled,
        u1_0.name,
        u1_0.password,
        u1_0.role 
    from
        users u1_0 
    where
        u1_0.email=?
2025-12-07T01:02:15.021+05:30 DEBUG 544 --- [catchy] [nio-8080-exec-4] org.hibernate.SQL                        : 
    select
        wi1_0.id,
        wi1_0.added_at,
        wi1_0.product_id,
        wi1_0.user_id 
    from
        wishlist_items wi1_0 
    where
        wi1_0.user_id=?
Hibernate: 
    select
        wi1_0.id,
        wi1_0.added_at,
        wi1_0.product_id,
        wi1_0.user_id 
    from
        wishlist_items wi1_0 
    where
        wi1_0.user_id=?
2025-12-07T01:02:15.159+05:30 DEBUG 544 --- [catchy] [nio-8080-exec-6] org.hibernate.SQL                        : 
    select
        u1_0.id,
        u1_0.email,
        u1_0.enabled,
        u1_0.name,
        u1_0.password,
        u1_0.role 
    from
        users u1_0 
    where
        u1_0.email=?
Hibernate: 
    select
        u1_0.id,
        u1_0.email,
        u1_0.enabled,
        u1_0.name,
        u1_0.password,
        u1_0.role 
    from
        users u1_0 
    where
        u1_0.email=?
2025-12-07T01:05:29.325+05:30 DEBUG 544 --- [catchy] [nio-8080-exec-8] org.hibernate.SQL                        : 
    select
        u1_0.id,
        u1_0.email,
        u1_0.enabled,
        u1_0.name,
        u1_0.password,
        u1_0.role 
    from
        users u1_0 
    where
        u1_0.email=?
Hibernate: 
    select
        u1_0.id,
        u1_0.email,
        u1_0.enabled,
        u1_0.name,
        u1_0.password,
        u1_0.role 
    from
        users u1_0 
    where
        u1_0.email=?
2025-12-07T01:05:29.394+05:30 DEBUG 544 --- [catchy] [io-8080-exec-10] org.hibernate.SQL                        : 
    select
        u1_0.id,
        u1_0.email,
        u1_0.enabled,
        u1_0.name,
        u1_0.password,
        u1_0.role 
    from
        users u1_0 
    where
        u1_0.email=?
Hibernate: 
    select
        u1_0.id,
        u1_0.email,
        u1_0.enabled,
        u1_0.name,
        u1_0.password,
        u1_0.role 
    from
        users u1_0 
    where
        u1_0.email=?
2025-12-07T01:05:29.418+05:30 DEBUG 544 --- [catchy] [nio-8080-exec-4] org.hibernate.SQL                        : 
    select
        u1_0.id,
        u1_0.email,
        u1_0.enabled,
        u1_0.name,
        u1_0.password,
        u1_0.role 
    from
        users u1_0 
    where
        u1_0.email=?
Hibernate: 
    select
        u1_0.id,
        u1_0.email,
        u1_0.enabled,
        u1_0.name,
        u1_0.password,
        u1_0.role 
    from
        users u1_0 
    where
        u1_0.email=?
2025-12-07T01:05:29.455+05:30 DEBUG 544 --- [catchy] [nio-8080-exec-6] org.hibernate.SQL                        : 
    select
        u1_0.id,
        u1_0.email,
        u1_0.enabled,
        u1_0.name,
        u1_0.password,
        u1_0.role 
    from
        users u1_0 
    where
        u1_0.email=?
Hibernate: 
    select
        u1_0.id,
        u1_0.email,
        u1_0.enabled,
        u1_0.name,
        u1_0.password,
        u1_0.role 
    from
        users u1_0 
    where
        u1_0.email=?
2025-12-07T01:05:29.455+05:30 DEBUG 544 --- [catchy] [nio-8080-exec-5] org.hibernate.SQL                        : 
    select
        u1_0.id,
        u1_0.email,
        u1_0.enabled,
        u1_0.name,
        u1_0.password,
        u1_0.role 
    from
        users u1_0 
    where
        u1_0.email=?
Hibernate: 
    select
        u1_0.id,
        u1_0.email,
        u1_0.enabled,
        u1_0.name,
        u1_0.password,
        u1_0.role 
    from
        users u1_0 
    where
        u1_0.email=?
2025-12-07T01:05:29.458+05:30 DEBUG 544 --- [catchy] [nio-8080-exec-5] org.hibernate.SQL                        : 
    select
        u1_0.id,
        u1_0.email,
        u1_0.enabled,
        u1_0.name,
        u1_0.password,
        u1_0.role 
    from
        users u1_0 
    where
        u1_0.email=?
Hibernate: 
    select
        u1_0.id,
        u1_0.email,
        u1_0.enabled,
        u1_0.name,
        u1_0.password,
        u1_0.role 
    from
        users u1_0 
    where
        u1_0.email=?
2025-12-07T01:05:29.458+05:30 DEBUG 544 --- [catchy] [nio-8080-exec-6] org.hibernate.SQL                        : 
    select
        u1_0.id,
        u1_0.email,
        u1_0.enabled,
        u1_0.name,
        u1_0.password,
        u1_0.role 
    from
        users u1_0 
    where
        u1_0.email=?
Hibernate: 
    select
        u1_0.id,
        u1_0.email,
        u1_0.enabled,
        u1_0.name,
        u1_0.password,
        u1_0.role 
    from
        users u1_0 
    where
        u1_0.email=?
2025-12-07T01:05:29.461+05:30 DEBUG 544 --- [catchy] [nio-8080-exec-5] org.hibernate.SQL                        : 
    select
        wi1_0.id,
        wi1_0.added_at,
        wi1_0.product_id,
        wi1_0.user_id 
    from
        wishlist_items wi1_0 
    where
        wi1_0.user_id=?
Hibernate: 
    select
        wi1_0.id,
        wi1_0.added_at,
        wi1_0.product_id,
        wi1_0.user_id 
    from
        wishlist_items wi1_0 
    where
        wi1_0.user_id=?
2025-12-07T01:05:29.463+05:30 DEBUG 544 --- [catchy] [nio-8080-exec-6] org.hibernate.SQL                        : 
    select
        ci1_0.id,
        ci1_0.product_id,
        ci1_0.quantity,
        ci1_0.user_id 
    from
        cart_items ci1_0 
    where
        ci1_0.user_id=?
Hibernate: 
    select
        ci1_0.id,
        ci1_0.product_id,
        ci1_0.quantity,
        ci1_0.user_id 
    from
        cart_items ci1_0 
    where
        ci1_0.user_id=?
2025-12-07T01:05:29.471+05:30 DEBUG 544 --- [catchy] [nio-8080-exec-1] org.hibernate.SQL                        : 
    select
        u1_0.id,
        u1_0.email,
        u1_0.enabled,
        u1_0.name,
        u1_0.password,
        u1_0.role 
    from
        users u1_0 
    where
        u1_0.email=?
Hibernate: 
    select
        u1_0.id,
        u1_0.email,
        u1_0.enabled,
        u1_0.name,
        u1_0.password,
        u1_0.role 
    from
        users u1_0 
    where
        u1_0.email=?
2025-12-07T01:05:29.476+05:30 DEBUG 544 --- [catchy] [nio-8080-exec-1] org.hibernate.SQL                        : 
    select
        u1_0.id,
        u1_0.email,
        u1_0.enabled,
        u1_0.name,
        u1_0.password,
        u1_0.role 
    from
        users u1_0 
    where
        u1_0.email=?
Hibernate: 
    select
        u1_0.id,
        u1_0.email,
        u1_0.enabled,
        u1_0.name,
        u1_0.password,
        u1_0.role 
    from
        users u1_0 
    where
        u1_0.email=?
2025-12-07T01:05:29.480+05:30 DEBUG 544 --- [catchy] [nio-8080-exec-1] org.hibernate.SQL                        : 
    select
        wi1_0.id,
        wi1_0.added_at,
        wi1_0.product_id,
        wi1_0.user_id 
    from
        wishlist_items wi1_0 
    where
        wi1_0.user_id=?
Hibernate: 
    select
        wi1_0.id,
        wi1_0.added_at,
        wi1_0.product_id,
        wi1_0.user_id 
    from
        wishlist_items wi1_0 
    where
        wi1_0.user_id=?
2025-12-07T01:05:31.379+05:30 DEBUG 544 --- [catchy] [nio-8080-exec-3] org.hibernate.SQL                        : 
    select
        u1_0.id,
        u1_0.email,
        u1_0.enabled,
        u1_0.name,
        u1_0.password,
        u1_0.role 
    from
        users u1_0 
    where
        u1_0.email=?
Hibernate: 
    select
        u1_0.id,
        u1_0.email,
        u1_0.enabled,
        u1_0.name,
        u1_0.password,
        u1_0.role 
    from
        users u1_0 
    where
        u1_0.email=?
2025-12-07T01:05:31.456+05:30 DEBUG 544 --- [catchy] [nio-8080-exec-2] org.hibernate.SQL                        : 
    select
        u1_0.id,
        u1_0.email,
        u1_0.enabled,
        u1_0.name,
        u1_0.password,
        u1_0.role 
    from
        users u1_0 
    where
        u1_0.email=?
Hibernate: 
    select
        u1_0.id,
        u1_0.email,
        u1_0.enabled,
        u1_0.name,
        u1_0.password,
        u1_0.role 
    from
        users u1_0 
    where
        u1_0.email=?
2025-12-07T01:05:31.589+05:30 DEBUG 544 --- [catchy] [nio-8080-exec-9] org.hibernate.SQL                        : 
    select
        u1_0.id,
        u1_0.email,
        u1_0.enabled,
        u1_0.name,
        u1_0.password,
        u1_0.role 
    from
        users u1_0 
    where
        u1_0.email=?
Hibernate: 
    select
        u1_0.id,
        u1_0.email,
        u1_0.enabled,
        u1_0.name,
        u1_0.password,
        u1_0.role 
    from
        users u1_0 
    where
        u1_0.email=?
2025-12-07T01:05:32.691+05:30 DEBUG 544 --- [catchy] [nio-8080-exec-7] org.hibernate.SQL                        : 
    select
        u1_0.id,
        u1_0.email,
        u1_0.enabled,
        u1_0.name,
        u1_0.password,
        u1_0.role 
    from
        users u1_0 
    where
        u1_0.email=?
Hibernate: 
    select
        u1_0.id,
        u1_0.email,
        u1_0.enabled,
        u1_0.name,
        u1_0.password,
        u1_0.role 
    from
        users u1_0 
    where
        u1_0.email=?
2025-12-07T01:05:32.752+05:30 DEBUG 544 --- [catchy] [nio-8080-exec-8] org.hibernate.SQL                        : 
    select
        u1_0.id,
        u1_0.email,
        u1_0.enabled,
        u1_0.name,
        u1_0.password,
        u1_0.role 
    from
        users u1_0 
    where
        u1_0.email=?
Hibernate: 
    select
        u1_0.id,
        u1_0.email,
        u1_0.enabled,
        u1_0.name,
        u1_0.password,
        u1_0.role 
    from
        users u1_0 
    where
        u1_0.email=?
2025-12-07T01:05:32.753+05:30 DEBUG 544 --- [catchy] [io-8080-exec-10] org.hibernate.SQL                        : 
    select
        u1_0.id,
        u1_0.email,
        u1_0.enabled,
        u1_0.name,
        u1_0.password,
        u1_0.role 
    from
        users u1_0 
    where
        u1_0.email=?
Hibernate: 
    select
        u1_0.id,
        u1_0.email,
        u1_0.enabled,
        u1_0.name,
        u1_0.password,
        u1_0.role 
    from
        users u1_0 
    where
        u1_0.email=?
2025-12-07T01:05:32.769+05:30 DEBUG 544 --- [catchy] [nio-8080-exec-5] org.hibernate.SQL                        : 
    select
        u1_0.id,
        u1_0.email,
        u1_0.enabled,
        u1_0.name,
        u1_0.password,
        u1_0.role 
    from
        users u1_0 
    where
        u1_0.email=?
Hibernate: 
    select
        u1_0.id,
        u1_0.email,
        u1_0.enabled,
        u1_0.name,
        u1_0.password,
        u1_0.role 
    from
        users u1_0 
    where
        u1_0.email=?
2025-12-07T01:05:32.769+05:30 DEBUG 544 --- [catchy] [nio-8080-exec-4] org.hibernate.SQL                        : 
    select
        u1_0.id,
        u1_0.email,
        u1_0.enabled,
        u1_0.name,
        u1_0.password,
        u1_0.role 
    from
        users u1_0 
    where
        u1_0.email=?
Hibernate: 
    select
        u1_0.id,
        u1_0.email,
        u1_0.enabled,
        u1_0.name,
        u1_0.password,
        u1_0.role 
    from
        users u1_0 
    where
        u1_0.email=?
2025-12-07T01:05:32.772+05:30 DEBUG 544 --- [catchy] [nio-8080-exec-4] org.hibernate.SQL                        : 
    select
        u1_0.id,
        u1_0.email,
        u1_0.enabled,
        u1_0.name,
        u1_0.password,
        u1_0.role 
    from
        users u1_0 
    where
        u1_0.email=?
Hibernate: 
    select
        u1_0.id,
        u1_0.email,
        u1_0.enabled,
        u1_0.name,
        u1_0.password,
        u1_0.role 
    from
        users u1_0 
    where
        u1_0.email=?
2025-12-07T01:05:32.773+05:30 DEBUG 544 --- [catchy] [nio-8080-exec-5] org.hibernate.SQL                        : 
    select
        u1_0.id,
        u1_0.email,
        u1_0.enabled,
        u1_0.name,
        u1_0.password,
        u1_0.role 
    from
        users u1_0 
    where
        u1_0.email=?
Hibernate: 
    select
        u1_0.id,
        u1_0.email,
        u1_0.enabled,
        u1_0.name,
        u1_0.password,
        u1_0.role 
    from
        users u1_0 
    where
        u1_0.email=?
2025-12-07T01:05:32.774+05:30 DEBUG 544 --- [catchy] [nio-8080-exec-5] org.hibernate.SQL                        : 
    select
        wi1_0.id,
        wi1_0.added_at,
        wi1_0.product_id,
        wi1_0.user_id 
    from
        wishlist_items wi1_0 
    where
        wi1_0.user_id=?
Hibernate: 
    select
        wi1_0.id,
        wi1_0.added_at,
        wi1_0.product_id,
        wi1_0.user_id 
    from
        wishlist_items wi1_0 
    where
        wi1_0.user_id=?
2025-12-07T01:05:32.774+05:30 DEBUG 544 --- [catchy] [nio-8080-exec-4] org.hibernate.SQL                        : 
    select
        ci1_0.id,
        ci1_0.product_id,
        ci1_0.quantity,
        ci1_0.user_id 
    from
        cart_items ci1_0 
    where
        ci1_0.user_id=?
Hibernate: 
    select
        ci1_0.id,
        ci1_0.product_id,
        ci1_0.quantity,
        ci1_0.user_id 
    from
        cart_items ci1_0 
    where
        ci1_0.user_id=?
2025-12-07T01:05:32.779+05:30 DEBUG 544 --- [catchy] [nio-8080-exec-6] org.hibernate.SQL                        : 
    select
        u1_0.id,
        u1_0.email,
        u1_0.enabled,
        u1_0.name,
        u1_0.password,
        u1_0.role 
    from
        users u1_0 
    where
        u1_0.email=?
Hibernate: 
    select
        u1_0.id,
        u1_0.email,
        u1_0.enabled,
        u1_0.name,
        u1_0.password,
        u1_0.role 
    from
        users u1_0 
    where
        u1_0.email=?
2025-12-07T01:05:32.785+05:30 DEBUG 544 --- [catchy] [nio-8080-exec-6] org.hibernate.SQL                        : 
    select
        u1_0.id,
        u1_0.email,
        u1_0.enabled,
        u1_0.name,
        u1_0.password,
        u1_0.role 
    from
        users u1_0 
    where
        u1_0.email=?
Hibernate: 
    select
        u1_0.id,
        u1_0.email,
        u1_0.enabled,
        u1_0.name,
        u1_0.password,
        u1_0.role 
    from
        users u1_0 
    where
        u1_0.email=?
2025-12-07T01:05:32.787+05:30 DEBUG 544 --- [catchy] [nio-8080-exec-6] org.hibernate.SQL                        : 
    select
        wi1_0.id,
        wi1_0.added_at,
        wi1_0.product_id,
        wi1_0.user_id 
    from
        wishlist_items wi1_0 
    where
        wi1_0.user_id=?
Hibernate: 
    select
        wi1_0.id,
        wi1_0.added_at,
        wi1_0.product_id,
        wi1_0.user_id 
    from
        wishlist_items wi1_0 
    where
        wi1_0.user_id=?
2025-12-07T01:05:32.911+05:30 DEBUG 544 --- [catchy] [nio-8080-exec-1] org.hibernate.SQL                        : 
    select
        u1_0.id,
        u1_0.email,
        u1_0.enabled,
        u1_0.name,
        u1_0.password,
        u1_0.role 
    from
        users u1_0 
    where
        u1_0.email=?
Hibernate: 
    select
        u1_0.id,
        u1_0.email,
        u1_0.enabled,
        u1_0.name,
        u1_0.password,
        u1_0.role 
    from
        users u1_0 
    where
        u1_0.email=?
2025-12-07T01:05:47.429+05:30 DEBUG 544 --- [catchy] [nio-8080-exec-3] org.hibernate.SQL                        : 
    select
        u1_0.id,
        u1_0.email,
        u1_0.enabled,
        u1_0.name,
        u1_0.password,
        u1_0.role 
    from
        users u1_0 
    where
        u1_0.email=?
Hibernate: 
    select
        u1_0.id,
        u1_0.email,
        u1_0.enabled,
        u1_0.name,
        u1_0.password,
        u1_0.role 
    from
        users u1_0 
    where
        u1_0.email=?
2025-12-07T01:05:47.467+05:30 DEBUG 544 --- [catchy] [nio-8080-exec-2] org.hibernate.SQL                        : 
    select
        u1_0.id,
        u1_0.email,
        u1_0.enabled,
        u1_0.name,
        u1_0.password,
        u1_0.role 
    from
        users u1_0 
    where
        u1_0.email=?
Hibernate: 
    select
        u1_0.id,
        u1_0.email,
        u1_0.enabled,
        u1_0.name,
        u1_0.password,
        u1_0.role 
    from
        users u1_0 
    where
        u1_0.email=?
2025-12-07T01:05:47.467+05:30 DEBUG 544 --- [catchy] [nio-8080-exec-9] org.hibernate.SQL                        : 
    select
        u1_0.id,
        u1_0.email,
        u1_0.enabled,
        u1_0.name,
        u1_0.password,
        u1_0.role 
    from
        users u1_0 
    where
        u1_0.email=?
Hibernate: 
    select
        u1_0.id,
        u1_0.email,
        u1_0.enabled,
        u1_0.name,
        u1_0.password,
        u1_0.role 
    from
        users u1_0 
    where
        u1_0.email=?
2025-12-07T01:05:47.525+05:30 DEBUG 544 --- [catchy] [nio-8080-exec-8] org.hibernate.SQL                        : 
    select
        u1_0.id,
        u1_0.email,
        u1_0.enabled,
        u1_0.name,
        u1_0.password,
        u1_0.role 
    from
        users u1_0 
    where
        u1_0.email=?
Hibernate: 
    select
        u1_0.id,
        u1_0.email,
        u1_0.enabled,
        u1_0.name,
        u1_0.password,
        u1_0.role 
    from
        users u1_0 
    where
        u1_0.email=?
2025-12-07T01:05:47.526+05:30 DEBUG 544 --- [catchy] [nio-8080-exec-7] org.hibernate.SQL                        : 
    select
        u1_0.id,
        u1_0.email,
        u1_0.enabled,
        u1_0.name,
        u1_0.password,
        u1_0.role 
    from
        users u1_0 
    where
        u1_0.email=?
Hibernate: 
    select
        u1_0.id,
        u1_0.email,
        u1_0.enabled,
        u1_0.name,
        u1_0.password,
        u1_0.role 
    from
        users u1_0 
    where
        u1_0.email=?
2025-12-07T01:05:47.529+05:30 DEBUG 544 --- [catchy] [nio-8080-exec-7] org.hibernate.SQL                        : 
    select
        u1_0.id,
        u1_0.email,
        u1_0.enabled,
        u1_0.name,
        u1_0.password,
        u1_0.role 
    from
        users u1_0 
    where
        u1_0.email=?
Hibernate: 
    select
        u1_0.id,
        u1_0.email,
        u1_0.enabled,
        u1_0.name,
        u1_0.password,
        u1_0.role 
    from
        users u1_0 
    where
        u1_0.email=?
2025-12-07T01:05:47.530+05:30 DEBUG 544 --- [catchy] [nio-8080-exec-8] org.hibernate.SQL                        : 
    select
        u1_0.id,
        u1_0.email,
        u1_0.enabled,
        u1_0.name,
        u1_0.password,
        u1_0.role 
    from
        users u1_0 
    where
        u1_0.email=?
Hibernate: 
    select
        u1_0.id,
        u1_0.email,
        u1_0.enabled,
        u1_0.name,
        u1_0.password,
        u1_0.role 
    from
        users u1_0 
    where
        u1_0.email=?
2025-12-07T01:05:47.532+05:30 DEBUG 544 --- [catchy] [nio-8080-exec-7] org.hibernate.SQL                        : 
    select
        ci1_0.id,
        ci1_0.product_id,
        ci1_0.quantity,
        ci1_0.user_id 
    from
        cart_items ci1_0 
    where
        ci1_0.user_id=?
Hibernate: 
    select
        ci1_0.id,
        ci1_0.product_id,
        ci1_0.quantity,
        ci1_0.user_id 
    from
        cart_items ci1_0 
    where
        ci1_0.user_id=?
2025-12-07T01:05:47.532+05:30 DEBUG 544 --- [catchy] [nio-8080-exec-8] org.hibernate.SQL                        : 
    select
        wi1_0.id,
        wi1_0.added_at,
        wi1_0.product_id,
        wi1_0.user_id 
    from
        wishlist_items wi1_0 
    where
        wi1_0.user_id=?
Hibernate: 
    select
        wi1_0.id,
        wi1_0.added_at,
        wi1_0.product_id,
        wi1_0.user_id 
    from
        wishlist_items wi1_0 
    where
        wi1_0.user_id=?
2025-12-07T01:05:47.539+05:30 DEBUG 544 --- [catchy] [io-8080-exec-10] org.hibernate.SQL                        : 
    select
        u1_0.id,
        u1_0.email,
        u1_0.enabled,
        u1_0.name,
        u1_0.password,
        u1_0.role 
    from
        users u1_0 
    where
        u1_0.email=?
Hibernate: 
    select
        u1_0.id,
        u1_0.email,
        u1_0.enabled,
        u1_0.name,
        u1_0.password,
        u1_0.role 
    from
        users u1_0 
    where
        u1_0.email=?
2025-12-07T01:05:47.544+05:30 DEBUG 544 --- [catchy] [io-8080-exec-10] org.hibernate.SQL                        : 
    select
        u1_0.id,
        u1_0.email,
        u1_0.enabled,
        u1_0.name,
        u1_0.password,
        u1_0.role 
    from
        users u1_0 
    where
        u1_0.email=?
Hibernate: 
    select
        u1_0.id,
        u1_0.email,
        u1_0.enabled,
        u1_0.name,
        u1_0.password,
        u1_0.role 
    from
        users u1_0 
    where
        u1_0.email=?
2025-12-07T01:05:47.547+05:30 DEBUG 544 --- [catchy] [io-8080-exec-10] org.hibernate.SQL                        : 
    select
        wi1_0.id,
        wi1_0.added_at,
        wi1_0.product_id,
        wi1_0.user_id 
    from
        wishlist_items wi1_0 
    where
        wi1_0.user_id=?
Hibernate: 
    select
        wi1_0.id,
        wi1_0.added_at,
        wi1_0.product_id,
        wi1_0.user_id 
    from
        wishlist_items wi1_0 
    where
        wi1_0.user_id=?
2025-12-07T01:05:49.532+05:30 DEBUG 544 --- [catchy] [nio-8080-exec-5] org.hibernate.SQL                        : 
    select
        u1_0.id,
        u1_0.email,
        u1_0.enabled,
        u1_0.name,
        u1_0.password,
        u1_0.role 
    from
        users u1_0 
    where
        u1_0.email=?
Hibernate: 
    select
        u1_0.id,
        u1_0.email,
        u1_0.enabled,
        u1_0.name,
        u1_0.password,
        u1_0.role 
    from
        users u1_0 
    where
        u1_0.email=?
2025-12-07T01:05:51.041+05:30 DEBUG 544 --- [catchy] [nio-8080-exec-4] org.hibernate.SQL                        : 
    select
        u1_0.id,
        u1_0.email,
        u1_0.enabled,
        u1_0.name,
        u1_0.password,
        u1_0.role 
    from
        users u1_0 
    where
        u1_0.email=?
Hibernate: 
    select
        u1_0.id,
        u1_0.email,
        u1_0.enabled,
        u1_0.name,
        u1_0.password,
        u1_0.role 
    from
        users u1_0 
    where
        u1_0.email=?
2025-12-07T01:05:51.134+05:30 DEBUG 544 --- [catchy] [nio-8080-exec-6] org.hibernate.SQL                        : 
    select
        u1_0.id,
        u1_0.email,
        u1_0.enabled,
        u1_0.name,
        u1_0.password,
        u1_0.role 
    from
        users u1_0 
    where
        u1_0.email=?
Hibernate: 
    select
        u1_0.id,
        u1_0.email,
        u1_0.enabled,
        u1_0.name,
        u1_0.password,
        u1_0.role 
    from
        users u1_0 
    where
        u1_0.email=?
2025-12-07T01:05:51.274+05:30 DEBUG 544 --- [catchy] [nio-8080-exec-1] org.hibernate.SQL                        : 
    select
        u1_0.id,
        u1_0.email,
        u1_0.enabled,
        u1_0.name,
        u1_0.password,
        u1_0.role 
    from
        users u1_0 
    where
        u1_0.email=?
Hibernate: 
    select
        u1_0.id,
        u1_0.email,
        u1_0.enabled,
        u1_0.name,
        u1_0.password,
        u1_0.role 
    from
        users u1_0 
    where
        u1_0.email=?
2025-12-07T01:05:52.825+05:30 DEBUG 544 --- [catchy] [nio-8080-exec-3] org.hibernate.SQL                        : 
    select
        u1_0.id,
        u1_0.email,
        u1_0.enabled,
        u1_0.name,
        u1_0.password,
        u1_0.role 
    from
        users u1_0 
    where
        u1_0.email=?
Hibernate: 
    select
        u1_0.id,
        u1_0.email,
        u1_0.enabled,
        u1_0.name,
        u1_0.password,
        u1_0.role 
    from
        users u1_0 
    where
        u1_0.email=?
2025-12-07T01:05:52.874+05:30 DEBUG 544 --- [catchy] [nio-8080-exec-9] org.hibernate.SQL                        : 
    select
        u1_0.id,
        u1_0.email,
        u1_0.enabled,
        u1_0.name,
        u1_0.password,
        u1_0.role 
    from
        users u1_0 
    where
        u1_0.email=?
Hibernate: 
    select
        u1_0.id,
        u1_0.email,
        u1_0.enabled,
        u1_0.name,
        u1_0.password,
        u1_0.role 
    from
        users u1_0 
    where
        u1_0.email=?
2025-12-07T01:05:52.877+05:30 DEBUG 544 --- [catchy] [nio-8080-exec-2] org.hibernate.SQL                        : 
    select
        u1_0.id,
        u1_0.email,
        u1_0.enabled,
        u1_0.name,
        u1_0.password,
        u1_0.role 
    from
        users u1_0 
    where
        u1_0.email=?
Hibernate: 
    select
        u1_0.id,
        u1_0.email,
        u1_0.enabled,
        u1_0.name,
        u1_0.password,
        u1_0.role 
    from
        users u1_0 
    where
        u1_0.email=?
2025-12-07T01:05:52.890+05:30 DEBUG 544 --- [catchy] [nio-8080-exec-7] org.hibernate.SQL                        : 
    select
        u1_0.id,
        u1_0.email,
        u1_0.enabled,
        u1_0.name,
        u1_0.password,
        u1_0.role 
    from
        users u1_0 
    where
        u1_0.email=?
Hibernate: 
    select
        u1_0.id,
        u1_0.email,
        u1_0.enabled,
        u1_0.name,
        u1_0.password,
        u1_0.role 
    from
        users u1_0 
    where
        u1_0.email=?
2025-12-07T01:05:52.890+05:30 DEBUG 544 --- [catchy] [nio-8080-exec-8] org.hibernate.SQL                        : 
    select
        u1_0.id,
        u1_0.email,
        u1_0.enabled,
        u1_0.name,
        u1_0.password,
        u1_0.role 
    from
        users u1_0 
    where
        u1_0.email=?
Hibernate: 
    select
        u1_0.id,
        u1_0.email,
        u1_0.enabled,
        u1_0.name,
        u1_0.password,
        u1_0.role 
    from
        users u1_0 
    where
        u1_0.email=?
2025-12-07T01:05:52.894+05:30 DEBUG 544 --- [catchy] [nio-8080-exec-7] org.hibernate.SQL                        : 
    select
        u1_0.id,
        u1_0.email,
        u1_0.enabled,
        u1_0.name,
        u1_0.password,
        u1_0.role 
    from
        users u1_0 
    where
        u1_0.email=?
Hibernate: 
    select
        u1_0.id,
        u1_0.email,
        u1_0.enabled,
        u1_0.name,
        u1_0.password,
        u1_0.role 
    from
        users u1_0 
    where
        u1_0.email=?
2025-12-07T01:05:52.894+05:30 DEBUG 544 --- [catchy] [nio-8080-exec-8] org.hibernate.SQL                        : 
    select
        u1_0.id,
        u1_0.email,
        u1_0.enabled,
        u1_0.name,
        u1_0.password,
        u1_0.role 
    from
        users u1_0 
    where
        u1_0.email=?
Hibernate: 
    select
        u1_0.id,
        u1_0.email,
        u1_0.enabled,
        u1_0.name,
        u1_0.password,
        u1_0.role 
    from
        users u1_0 
    where
        u1_0.email=?
2025-12-07T01:05:52.896+05:30 DEBUG 544 --- [catchy] [nio-8080-exec-7] org.hibernate.SQL                        : 
    select
        ci1_0.id,
        ci1_0.product_id,
        ci1_0.quantity,
        ci1_0.user_id 
    from
        cart_items ci1_0 
    where
        ci1_0.user_id=?
Hibernate: 
    select
        ci1_0.id,
        ci1_0.product_id,
        ci1_0.quantity,
        ci1_0.user_id 
    from
        cart_items ci1_0 
    where
        ci1_0.user_id=?
2025-12-07T01:05:52.896+05:30 DEBUG 544 --- [catchy] [nio-8080-exec-8] org.hibernate.SQL                        : 
    select
        wi1_0.id,
        wi1_0.added_at,
        wi1_0.product_id,
        wi1_0.user_id 
    from
        wishlist_items wi1_0 
    where
        wi1_0.user_id=?
Hibernate: 
    select
        wi1_0.id,
        wi1_0.added_at,
        wi1_0.product_id,
        wi1_0.user_id 
    from
        wishlist_items wi1_0 
    where
        wi1_0.user_id=?
2025-12-07T01:05:52.902+05:30 DEBUG 544 --- [catchy] [io-8080-exec-10] org.hibernate.SQL                        : 
    select
        u1_0.id,
        u1_0.email,
        u1_0.enabled,
        u1_0.name,
        u1_0.password,
        u1_0.role 
    from
        users u1_0 
    where
        u1_0.email=?
Hibernate: 
    select
        u1_0.id,
        u1_0.email,
        u1_0.enabled,
        u1_0.name,
        u1_0.password,
        u1_0.role 
    from
        users u1_0 
    where
        u1_0.email=?
2025-12-07T01:05:52.906+05:30 DEBUG 544 --- [catchy] [io-8080-exec-10] org.hibernate.SQL                        : 
    select
        u1_0.id,
        u1_0.email,
        u1_0.enabled,
        u1_0.name,
        u1_0.password,
        u1_0.role 
    from
        users u1_0 
    where
        u1_0.email=?
Hibernate: 
    select
        u1_0.id,
        u1_0.email,
        u1_0.enabled,
        u1_0.name,
        u1_0.password,
        u1_0.role 
    from
        users u1_0 
    where
        u1_0.email=?
2025-12-07T01:05:52.909+05:30 DEBUG 544 --- [catchy] [io-8080-exec-10] org.hibernate.SQL                        : 
    select
        wi1_0.id,
        wi1_0.added_at,
        wi1_0.product_id,
        wi1_0.user_id 
    from
        wishlist_items wi1_0 
    where
        wi1_0.user_id=?
Hibernate: 
    select
        wi1_0.id,
        wi1_0.added_at,
        wi1_0.product_id,
        wi1_0.user_id 
    from
        wishlist_items wi1_0 
    where
        wi1_0.user_id=?
2025-12-07T01:05:53.020+05:30 DEBUG 544 --- [catchy] [nio-8080-exec-5] org.hibernate.SQL                        : 
    select
        u1_0.id,
        u1_0.email,
        u1_0.enabled,
        u1_0.name,
        u1_0.password,
        u1_0.role 
    from
        users u1_0 
    where
        u1_0.email=?
Hibernate: 
    select
        u1_0.id,
        u1_0.email,
        u1_0.enabled,
        u1_0.name,
        u1_0.password,
        u1_0.role 
    from
        users u1_0 
    where
        u1_0.email=?
2025-12-07T01:06:16.797+05:30 DEBUG 544 --- [catchy] [nio-8080-exec-4] org.hibernate.SQL                        : 
    select
        u1_0.id,
        u1_0.email,
        u1_0.enabled,
        u1_0.name,
        u1_0.password,
        u1_0.role 
    from
        users u1_0 
    where
        u1_0.email=?
Hibernate: 
    select
        u1_0.id,
        u1_0.email,
        u1_0.enabled,
        u1_0.name,
        u1_0.password,
        u1_0.role 
    from
        users u1_0 
    where
        u1_0.email=?
2025-12-07T01:06:16.849+05:30 DEBUG 544 --- [catchy] [nio-8080-exec-6] org.hibernate.SQL                        : 
    select
        u1_0.id,
        u1_0.email,
        u1_0.enabled,
        u1_0.name,
        u1_0.password,
        u1_0.role 
    from
        users u1_0 
    where
        u1_0.email=?
Hibernate: 
    select
        u1_0.id,
        u1_0.email,
        u1_0.enabled,
        u1_0.name,
        u1_0.password,
        u1_0.role 
    from
        users u1_0 
    where
        u1_0.email=?
2025-12-07T01:06:17.027+05:30 DEBUG 544 --- [catchy] [nio-8080-exec-1] org.hibernate.SQL                        : 
    select
        u1_0.id,
        u1_0.email,
        u1_0.enabled,
        u1_0.name,
        u1_0.password,
        u1_0.role 
    from
        users u1_0 
    where
        u1_0.email=?
Hibernate: 
    select
        u1_0.id,
        u1_0.email,
        u1_0.enabled,
        u1_0.name,
        u1_0.password,
        u1_0.role 
    from
        users u1_0 
    where
        u1_0.email=?
2025-12-07T01:08:49.337+05:30 DEBUG 544 --- [catchy] [io-8080-exec-10] org.hibernate.SQL                        : 
    select
        u1_0.id,
        u1_0.email,
        u1_0.enabled,
        u1_0.name,
        u1_0.password,
        u1_0.role 
    from
        users u1_0 
    where
        u1_0.email=?
Hibernate: 
    select
        u1_0.id,
        u1_0.email,
        u1_0.enabled,
        u1_0.name,
        u1_0.password,
        u1_0.role 
    from
        users u1_0 
    where
        u1_0.email=?
2025-12-07T01:08:49.431+05:30 DEBUG 544 --- [catchy] [nio-8080-exec-5] org.hibernate.SQL                        : 
    select
        u1_0.id,
        u1_0.email,
        u1_0.enabled,
        u1_0.name,
        u1_0.password,
        u1_0.role 
    from
        users u1_0 
    where
        u1_0.email=?
Hibernate: 
    select
        u1_0.id,
        u1_0.email,
        u1_0.enabled,
        u1_0.name,
        u1_0.password,
        u1_0.role 
    from
        users u1_0 
    where
        u1_0.email=?
2025-12-07T01:08:51.414+05:30 DEBUG 544 --- [catchy] [nio-8080-exec-4] org.hibernate.SQL                        : 
    select
        u1_0.id,
        u1_0.email,
        u1_0.enabled,
        u1_0.name,
        u1_0.password,
        u1_0.role 
    from
        users u1_0 
    where
        u1_0.email=?
Hibernate: 
    select
        u1_0.id,
        u1_0.email,
        u1_0.enabled,
        u1_0.name,
        u1_0.password,
        u1_0.role 
    from
        users u1_0 
    where
        u1_0.email=?
2025-12-07T01:08:51.475+05:30 DEBUG 544 --- [catchy] [nio-8080-exec-6] org.hibernate.SQL                        : 
    select
        u1_0.id,
        u1_0.email,
        u1_0.enabled,
        u1_0.name,
        u1_0.password,
        u1_0.role 
    from
        users u1_0 
    where
        u1_0.email=?
Hibernate: 
    select
        u1_0.id,
        u1_0.email,
        u1_0.enabled,
        u1_0.name,
        u1_0.password,
        u1_0.role 
    from
        users u1_0 
    where
        u1_0.email=?
2025-12-07T01:08:51.479+05:30 DEBUG 544 --- [catchy] [nio-8080-exec-1] org.hibernate.SQL                        : 
    select
        u1_0.id,
        u1_0.email,
        u1_0.enabled,
        u1_0.name,
        u1_0.password,
        u1_0.role 
    from
        users u1_0 
    where
        u1_0.email=?
Hibernate: 
    select
        u1_0.id,
        u1_0.email,
        u1_0.enabled,
        u1_0.name,
        u1_0.password,
        u1_0.role 
    from
        users u1_0 
    where
        u1_0.email=?
2025-12-07T01:08:51.512+05:30 DEBUG 544 --- [catchy] [nio-8080-exec-3] org.hibernate.SQL                        : 
    select
        u1_0.id,
        u1_0.email,
        u1_0.enabled,
        u1_0.name,
        u1_0.password,
        u1_0.role 
    from
        users u1_0 
    where
        u1_0.email=?
Hibernate: 
    select
        u1_0.id,
        u1_0.email,
        u1_0.enabled,
        u1_0.name,
        u1_0.password,
        u1_0.role 
    from
        users u1_0 
    where
        u1_0.email=?
2025-12-07T01:08:51.513+05:30 DEBUG 544 --- [catchy] [nio-8080-exec-9] org.hibernate.SQL                        : 
    select
        u1_0.id,
        u1_0.email,
        u1_0.enabled,
        u1_0.name,
        u1_0.password,
        u1_0.role 
    from
        users u1_0 
    where
        u1_0.email=?
Hibernate: 
    select
        u1_0.id,
        u1_0.email,
        u1_0.enabled,
        u1_0.name,
        u1_0.password,
        u1_0.role 
    from
        users u1_0 
    where
        u1_0.email=?
2025-12-07T01:08:51.519+05:30 DEBUG 544 --- [catchy] [nio-8080-exec-3] org.hibernate.SQL                        : 
    select
        u1_0.id,
        u1_0.email,
        u1_0.enabled,
        u1_0.name,
        u1_0.password,
        u1_0.role 
    from
        users u1_0 
    where
        u1_0.email=?
2025-12-07T01:08:51.519+05:30 DEBUG 544 --- [catchy] [nio-8080-exec-9] org.hibernate.SQL                        : 
    select
        u1_0.id,
        u1_0.email,
        u1_0.enabled,
        u1_0.name,
        u1_0.password,
        u1_0.role 
    from
        users u1_0 
    where
        u1_0.email=?
Hibernate: 
    select
        u1_0.id,
        u1_0.email,
        u1_0.enabled,
        u1_0.name,
        u1_0.password,
        u1_0.role 
    from
        users u1_0 
    where
        u1_0.email=?
Hibernate: 
    select
        u1_0.id,
        u1_0.email,
        u1_0.enabled,
        u1_0.name,
        u1_0.password,
        u1_0.role 
    from
        users u1_0 
    where
        u1_0.email=?
2025-12-07T01:08:51.527+05:30 DEBUG 544 --- [catchy] [nio-8080-exec-3] org.hibernate.SQL                        : 
    select
        ci1_0.id,
        ci1_0.product_id,
        ci1_0.quantity,
        ci1_0.user_id 
    from
        cart_items ci1_0 
    where
        ci1_0.user_id=?
Hibernate: 
    select
        ci1_0.id,
        ci1_0.product_id,
        ci1_0.quantity,
        ci1_0.user_id 
    from
        cart_items ci1_0 
    where
        ci1_0.user_id=?
2025-12-07T01:08:51.527+05:30 DEBUG 544 --- [catchy] [nio-8080-exec-9] org.hibernate.SQL                        : 
    select
        wi1_0.id,
        wi1_0.added_at,
        wi1_0.product_id,
        wi1_0.user_id 
    from
        wishlist_items wi1_0 
    where
        wi1_0.user_id=?
Hibernate: 
    select
        wi1_0.id,
        wi1_0.added_at,
        wi1_0.product_id,
        wi1_0.user_id 
    from
        wishlist_items wi1_0 
    where
        wi1_0.user_id=?
2025-12-07T01:08:51.539+05:30 DEBUG 544 --- [catchy] [nio-8080-exec-2] org.hibernate.SQL                        : 
    select
        u1_0.id,
        u1_0.email,
        u1_0.enabled,
        u1_0.name,
        u1_0.password,
        u1_0.role 
    from
        users u1_0 
    where
        u1_0.email=?
Hibernate: 
    select
        u1_0.id,
        u1_0.email,
        u1_0.enabled,
        u1_0.name,
        u1_0.password,
        u1_0.role 
    from
        users u1_0 
    where
        u1_0.email=?
2025-12-07T01:08:51.544+05:30 DEBUG 544 --- [catchy] [nio-8080-exec-2] org.hibernate.SQL                        : 
    select
        u1_0.id,
        u1_0.email,
        u1_0.enabled,
        u1_0.name,
        u1_0.password,
        u1_0.role 
    from
        users u1_0 
    where
        u1_0.email=?
Hibernate: 
    select
        u1_0.id,
        u1_0.email,
        u1_0.enabled,
        u1_0.name,
        u1_0.password,
        u1_0.role 
    from
        users u1_0 
    where
        u1_0.email=?
2025-12-07T01:08:51.547+05:30 DEBUG 544 --- [catchy] [nio-8080-exec-2] org.hibernate.SQL                        : 
    select
        wi1_0.id,
        wi1_0.added_at,
        wi1_0.product_id,
        wi1_0.user_id 
    from
        wishlist_items wi1_0 
    where
        wi1_0.user_id=?
Hibernate: 
    select
        wi1_0.id,
        wi1_0.added_at,
        wi1_0.product_id,
        wi1_0.user_id 
    from
        wishlist_items wi1_0 
    where
        wi1_0.user_id=?
2025-12-07T01:08:51.640+05:30 DEBUG 544 --- [catchy] [nio-8080-exec-7] org.hibernate.SQL                        : 
    select
        u1_0.id,
        u1_0.email,
        u1_0.enabled,
        u1_0.name,
        u1_0.password,
        u1_0.role 
    from
        users u1_0 
    where
        u1_0.email=?
Hibernate: 
    select
        u1_0.id,
        u1_0.email,
        u1_0.enabled,
        u1_0.name,
        u1_0.password,
        u1_0.role 
    from
        users u1_0 
    where
        u1_0.email=?
[INFO] ------------------------------------------------------------------------
[INFO] BUILD FAILURE
[INFO] ------------------------------------------------------------------------
[INFO] Total time:  17:40 min
[INFO] Finished at: 2025-12-07T01:10:12+05:30
[INFO] ------------------------------------------------------------------------
[ERROR] Failed to execute goal org.springframework.boot:spring-boot-maven-plugin:3.5.7:run (default-cli) on project catchy: Process terminated with exit code: -1 -> [Help 1]
[ERROR] 
[ERROR] To see the full stack trace of the errors, re-run Maven with the -e switch.
[ERROR] Re-run Maven using the -X switch to enable full debug logging.
[ERROR] 
[ERROR] For more information about the errors and possible solutions, please read the following articles:
[ERROR] [Help 1] http://cwiki.apache.org/confluence/display/MAVEN/MojoExecutionException
